Name,IDfg,key_mlbam,season,Team,Y,n,obp_raw,Age,SO,GB%,K%,park_factor,avg_fip_faced,avg_fip_faced_z,park_factor_z,k_rate_z,gb_rate_z,age_z
Marcus Semien,12533,543760,2023,TEX,262.0,753.0,0.34794156706507307,32.0,110.0,,0.1460823373173971,1.0,3.7225,-0.9493792447388681,0.0,-1.4180178992576855,0.0,0.9338949053306749
Freddie Freeman*,5361,518692,2023,LAD,299.0,730.0,0.4095890410958904,33.0,121.0,,0.16575342465753426,1.0,5.985714285714286,1.9503860172751506,0.0,-1.0983305243574017,0.0,1.194151503572977
Alex Bregman,17678,608324,2023,HOU,263.0,724.0,0.3632596685082873,29.0,87.0,,0.12016574585635359,1.0,2.9275,-1.9679807080879617,0.0,-1.839204941299782,0.0,0.15312511060376804
Nathaniel Lowe*,19566,663993,2023,TEX,261.0,724.0,0.36049723756906077,27.0,165.0,,0.22790055248618785,1.0,3.7225,-0.9493792447388681,0.0,-0.08833794948857941,0.0,-0.3673880858808365
Matt Olson*,14344,621566,2023,ATL,280.0,720.0,0.3888888888888889,29.0,167.0,,0.23194444444444445,1.0,2.69,-2.272279887390364,0.0,-0.022618084482560502,0.0,0.15312511060376804
Kyle Schwarber*,16478,656941,2023,PHI,247.0,720.0,0.34305555555555556,30.0,215.0,,0.2986111111111111,1.0,4.3425,-0.15499822929680762,0.0,1.0608243959202688,0.0,0.41338170884607034
Steven Kwan*,24610,680757,2023,CLE,244.0,718.0,0.3398328690807799,25.0,75.0,,0.10445682451253482,1.0,3.4525,-1.2953193643668623,0.0,-2.0945006318777812,0.0,-0.8879012823654411
Austin Riley,18360,663586,2023,ATL,247.0,715.0,0.34545454545454546,26.0,172.0,,0.24055944055944056,1.0,2.69,-2.272279887390364,0.0,0.11738970690982138,0.0,-0.6276446841231388
Julio Rodríguez,23697,677594,2023,SEA,238.0,714.0,0.3333333333333333,22.0,175.0,,0.24509803921568626,1.0,3.786363636363636,-0.8675533410221461,0.0,0.19114936569495825,0.0,-1.6686710770923479
Juan Soto*,20123,665742,2023,SDP,290.0,708.0,0.4096045197740113,24.0,129.0,,0.18220338983050846,1.0,5.086,0.797618359382502,0.0,-0.8309916583141918,0.0,-1.1481578806077433
Eugenio Suárez,12552,553993,2023,SEA,224.0,694.0,0.3227665706051873,31.0,214.0,,0.30835734870317005,1.0,3.786363636363636,-0.8675533410221461,0.0,1.2192167133903036,0.0,0.6736383070883726
Mookie Betts,13611,605141,2023,LAD,283.0,693.0,0.4083694083694084,30.0,107.0,,0.1544011544011544,1.0,6.65,2.8015085338202157,0.0,-1.2828235020290337,0.0,0.41338170884607034
Ian Happ#,17919,664023,2023,CHC,249.0,691.0,0.36034732272069464,28.0,153.0,,0.22141823444283648,1.0,4.289999999999999,-0.222264363668919,0.0,-0.1936862305833087,0.0,-0.10713148763853422
José Ramírez#,13510,608070,2023,CLE,246.0,691.0,0.35600578871201155,30.0,73.0,,0.10564399421128799,1.0,3.665,-1.0230516776226077,0.0,-2.075207180631638,0.0,0.41338170884607034
Trea Turner,16252,607208,2023,PHI,221.0,691.0,0.31982633863965265,30.0,150.0,,0.2170767004341534,1.0,4.3425,-0.15499822929680762,0.0,-0.2642432662101214,0.0,0.41338170884607034
Nico Hoerner,21479,663538,2023,CHC,238.0,688.0,0.34593023255813954,26.0,83.0,,0.12063953488372094,1.0,4.289999999999999,-0.222264363668919,0.0,-1.831505093914804,0.0,-0.6276446841231388
Paul Goldschmidt,9218,502671,2023,STL,249.0,687.0,0.3624454148471616,35.0,161.0,,0.23435225618631733,1.0,5.007499999999999,0.6970394727499174,0.0,0.016512798406806632,0.0,1.7146647000575816
Francisco Lindor#,12916,596019,2023,NYM,231.0,687.0,0.33624454148471616,29.0,137.0,,0.19941775836972345,1.0,5.842,1.7662506943408844,0.0,-0.5512299860837591,0.0,0.15312511060376804
Adley Rutschman#,26288,668939,2023,BAL,257.0,687.0,0.37409024745269287,25.0,101.0,,0.1470160116448326,1.0,4.279999999999999,-0.23507696069217776,0.0,-1.4028441628196078,0.0,-0.8879012823654411
Spencer Torkelson,27465,679529,2023,DET,214.0,684.0,0.3128654970760234,23.0,171.0,,0.25,1.0,4.463473311667755,-1.1379872176372741e-15,0.0,0.27081425395987235,0.0,-1.4084144788500457
George Springer,12856,543807,2023,TOR,223.0,683.0,0.32650073206442165,33.0,125.0,,0.18301610541727673,1.0,4.5424999999999995,0.10125371116837224,0.0,-0.8177836994463381,0.0,1.194151503572977
Brandon Nimmo*,12927,607043,2023,NYM,247.0,682.0,0.3621700879765396,30.0,146.0,,0.21407624633431085,1.0,5.842,1.7662506943408844,0.0,-0.31300555769414495,0.0,0.41338170884607034
Lane Thomas,16939,657041,2023,WSN,215.0,682.0,0.3152492668621701,27.0,176.0,,0.25806451612903225,1.0,6.107272727272727,2.1061339499215204,0.0,0.4018758443311823,0.0,-0.3673880858808365
Teoscar Hernández,13066,606192,2023,SEA,207.0,678.0,0.3053097345132743,30.0,211.0,,0.3112094395280236,1.0,3.687272727272727,-0.9945145297071676,0.0,1.2655678587545056,0.0,0.41338170884607034
Kyle Tucker*,18345,663656,2023,HOU,246.0,674.0,0.3649851632047478,26.0,92.0,,0.13649851632047477,1.0,2.83,-2.0929035290647375,0.0,-1.5737706811473189,0.0,-0.6276446841231388
Gleyber Torres,16997,650402,2023,NYY,233.0,672.0,0.34672619047619047,26.0,98.0,,0.14583333333333334,1.0,4.8075,0.4407875322847375,0.0,-1.4220646216695487,0.0,-0.6276446841231388
Nick Castellanos,11737,592206,2023,PHI,209.0,671.0,0.3114754098360656,31.0,185.0,,0.2757078986587183,1.0,4.3425,-0.15499822929680762,0.0,0.6886096962910675,0.0,0.6736383070883726
Xander Bogaerts,12161,593428,2023,SDP,233.0,665.0,0.35037593984962406,30.0,110.0,,0.16541353383458646,1.0,4.724,0.33380234714052465,0.0,-1.1038543067016127,0.0,0.41338170884607034
Ty France,17982,664034,2023,SEA,224.0,665.0,0.3368421052631579,28.0,117.0,,0.17593984962406015,1.0,3.786363636363636,-0.8675533410221461,0.0,-0.93278444137485,0.0,-0.10713148763853422
Spencer Steer,26323,668715,2023,CIN,237.0,665.0,0.35639097744360904,25.0,139.0,,0.20902255639097744,1.0,3.7275,-0.9429729462272388,0.0,-0.39513629320502475,0.0,-0.8879012823654411
Christian Walker,13419,572233,2023,ARI,220.0,661.0,0.3328290468986384,32.0,127.0,,0.19213313161875945,1.0,4.17,-0.37601552794802645,0.0,-0.6696170972218577,0.0,0.9338949053306749
Ozzie Albies#,16556,645277,2023,ATL,221.0,660.0,0.33484848484848484,26.0,107.0,,0.1621212121212121,1.0,2.69,-2.272279887390364,0.0,-1.1573599247529485,0.0,-0.6276446841231388
Pete Alonso,19251,624413,2023,NYM,209.0,658.0,0.31762917933130697,28.0,151.0,,0.22948328267477203,1.0,5.842,1.7662506943408844,0.0,-0.06261599266865817,0.0,-0.10713148763853422
Joey Meneses,14366,608841,2023,WSN,211.0,657.0,0.3211567732115677,31.0,130.0,,0.197869101978691,1.0,7.161818181818182,3.4572805451015647,0.0,-0.5763981879076372,0.0,0.6736383070883726
Rafael Devers*,17350,646240,2023,BOS,230.0,656.0,0.35060975609756095,26.0,126.0,,0.19207317073170732,1.0,4.463473311667755,-1.1379872176372741e-15,0.0,-0.6705915598047812,0.0,-0.6276446841231388
Anthony Santander#,14551,623993,2023,BAL,213.0,656.0,0.3246951219512195,28.0,152.0,,0.23170731707317074,1.0,4.279999999999999,-0.23507696069217776,0.0,-0.026471792492123364,0.0,-0.10713148763853422
Randy Arozarena,19290,668227,2023,TBR,238.0,654.0,0.363914373088685,28.0,156.0,,0.23853211009174313,1.0,6.452,2.547819112759686,0.0,0.08444226765204639,0.0,-0.10713148763853422
Ketel Marte#,13613,606466,2023,ARI,233.0,650.0,0.35846153846153844,29.0,109.0,,0.1676923076923077,1.0,3.7800000000000002,-0.8757068118551286,0.0,-1.0668205006913132,0.0,0.15312511060376804
Jeff McNeil*,15362,643446,2023,NYM,215.0,648.0,0.3317901234567901,31.0,65.0,,0.10030864197530864,1.0,5.378,1.1717461924616657,0.0,-2.1619153895372216,0.0,0.6736383070883726
Corbin Carroll*,25878,682998,2023,ARI,231.0,645.0,0.3581395348837209,22.0,125.0,,0.1937984496124031,1.0,4.17,-0.37601552794802645,0.0,-0.6425529533564663,0.0,-1.6686710770923479
Bryan Reynolds#,19326,668804,2023,PIT,211.0,640.0,0.3296875,28.0,138.0,,0.215625,1.0,5.847142857142857,1.7728400299528466,0.0,-0.28783577499783647,0.0,-0.10713148763853422
Bryson Stott*,26294,681082,2023,PHI,210.0,640.0,0.328125,25.0,100.0,,0.15625,1.0,4.496666666666667,0.042529308145102716,0.0,-1.2527767341066067,0.0,-0.8879012823654411
Willy Adames,15986,642715,2023,MIL,197.0,638.0,0.30877742946708464,27.0,165.0,,0.25862068965517243,1.0,4.170000000000001,-0.37601552794802534,0.0,0.41091457470161785,0.0,-0.3673880858808365
Dansby Swanson,18314,621020,2023,CHC,209.0,638.0,0.3275862068965517,29.0,154.0,,0.2413793103448276,1.0,4.289999999999999,-0.222264363668919,0.0,0.13071393321812733,0.0,0.15312511060376804
Jeremy Peña,21636,665161,2023,HOU,204.0,634.0,0.3217665615141956,25.0,129.0,,0.20347003154574134,1.0,4.481111111111112,0.02259860166447784,0.0,-0.4853739125673389,0.0,-0.8879012823654411
Adolis García,19287,666969,2023,TEX,207.0,632.0,0.3275316455696203,30.0,175.0,,0.27689873417721517,1.0,3.7225,-0.9493792447388681,0.0,0.7079627231097478,0.0,0.41338170884607034
Christian Yelich*,11477,592885,2023,MIL,234.0,632.0,0.370253164556962,31.0,140.0,,0.22151898734177214,1.0,4.240909090909091,-0.2851625672376437,0.0,-0.19204883102234932,0.0,0.6736383070883726
Ryan McMahon*,15112,641857,2023,COL,202.0,627.0,0.32216905901116427,28.0,198.0,,0.3157894736842105,1.0,4.89,0.546491457726624,0.0,1.3400009122521381,0.0,-0.10713148763853422
Justin Turner,5235,457759,2023,BOS,216.0,626.0,0.3450479233226837,38.0,110.0,,0.1757188498402556,1.0,4.463473311667755,-1.1379872176372741e-15,0.0,-0.9363760496838553,0.0,2.4954344947844884
Gunnar Henderson*,26289,683002,2023,BAL,202.0,622.0,0.3247588424437299,22.0,159.0,,0.25562700964630225,1.0,4.279999999999999,-0.23507696069217776,0.0,0.36226237328647776,0.0,-1.6686710770923479
Andrew Benintendi*,17901,643217,2023,CHW,202.0,621.0,0.3252818035426731,28.0,89.0,,0.143317230273752,1.0,4.463473311667755,-1.1379872176372741e-15,0.0,-1.4629554157668778,0.0,-0.10713148763853422
Carlos Santana#,2396,467793,2023,2TM,197.0,619.0,0.3182552504038772,37.0,104.0,,0.1680129240710824,1.0,5.847142857142857,1.7728400299528466,0.0,-1.0616099596211517,0.0,2.235177896542186
Carlos Santana#,2396,467793,2023,PIT,126.0,393.0,0.32061068702290074,37.0,69.0,,0.17557251908396945,1.0,5.847142857142857,1.7728400299528466,0.0,-0.9387541640471035,0.0,2.235177896542186
Carlos Santana#,2396,467793,2023,MIL,71.0,226.0,0.3141592920353982,37.0,35.0,,0.15486725663716813,1.0,5.847142857142857,1.7728400299528466,0.0,-1.2752485775884133,0.0,2.235177896542186
Josh Bell#,13145,605137,2023,2TM,200.0,617.0,0.3241491085899514,30.0,134.0,,0.2171799027552674,1.0,3.335,-1.4458673793901562,0.0,-0.26256605952855483,0.0,0.41338170884607034
Josh Bell#,13145,605137,2023,CLE,125.0,393.0,0.31806615776081426,30.0,81.0,,0.20610687022900764,1.0,3.335,-1.4458673793901562,0.0,-0.44252096691603626,0.0,0.41338170884607034
Josh Bell#,13145,605137,2023,MIA,75.0,224.0,0.33482142857142855,30.0,53.0,,0.23660714285714285,1.0,3.335,-1.4458673793901562,0.0,0.0531583985218038,0.0,0.41338170884607034
Andrés Giménez*,19950,665926,2023,CLE,192.0,616.0,0.3116883116883117,24.0,112.0,,0.18181818181818182,1.0,3.6125,-1.0903178119947181,0.0,-0.837251919179385,0.0,-1.1481578806077433
Ezequiel Tovar,24064,678662,2023,COL,176.0,615.0,0.2861788617886179,21.0,166.0,,0.26991869918699185,1.0,4.923333333333333,0.5892001144708207,0.0,0.5945257267631565,0.0,-1.92892767533465
Andrew Vaughn,26197,683734,2023,CHW,193.0,615.0,0.31382113821138213,25.0,129.0,,0.2097560975609756,1.0,5.194444444444445,0.9365638559902888,0.0,-0.3832150482345188,0.0,-0.8879012823654411
CJ Abrams*,25768,682928,2023,WSN,183.0,614.0,0.2980456026058632,22.0,118.0,,0.19218241042345277,1.0,6.107272727272727,2.1061339499215204,0.0,-0.6688162359660343,0.0,-1.6686710770923479
Nolan Arenado,9777,571448,2023,STL,193.0,612.0,0.315359477124183,32.0,101.0,,0.1650326797385621,1.0,5.007499999999999,0.6970394727499174,0.0,-1.110043809298636,0.0,0.9338949053306749
Alec Bohm,21618,664761,2023,PHI,200.0,611.0,0.32733224222585927,26.0,94.0,,0.15384615384615385,1.0,4.496666666666667,0.042529308145102716,0.0,-1.2918431696980548,0.0,-0.6276446841231388
William Contreras,20503,661388,2023,MIL,224.0,611.0,0.36661211129296234,25.0,126.0,,0.20621931260229132,1.0,4.170000000000001,-0.37601552794802534,0.0,-0.4406935942588436,0.0,-0.8879012823654411
MJ Melendez*,22197,669004,2023,KCR,190.0,602.0,0.31561461794019935,24.0,170.0,,0.2823920265780731,1.0,3.985,-0.6130485728783187,0.0,0.797237718275201,0.0,-1.1481578806077433
Alex Verdugo*,17027,657077,2023,BOS,195.0,602.0,0.3239202657807309,27.0,93.0,,0.15448504983388706,1.0,4.463473311667755,-1.1379872176372741e-15,0.0,-1.2814600638930187,0.0,-0.3673880858808365
Bo Bichette,19612,666182,2023,TOR,204.0,601.0,0.33943427620632277,25.0,115.0,,0.1913477537437604,1.0,4.5424999999999995,0.10125371116837224,0.0,-0.6823807735159948,0.0,-0.8879012823654411
Manny Machado,11493,592518,2023,SDP,192.0,601.0,0.3194675540765391,30.0,109.0,,0.18136439267886856,1.0,5.086,0.797618359382502,0.0,-0.8446267356395465,0.0,0.41338170884607034
Anthony Volpe,27647,683011,2023,NYY,170.0,601.0,0.28286189683860236,22.0,167.0,,0.2778702163061564,1.0,3.4324999999999997,-1.320944558413381,0.0,0.7237508982214542,0.0,-1.6686710770923479
Yandy Díaz,16578,650490,2023,TBR,246.0,600.0,0.41,31.0,94.0,,0.15666666666666668,1.0,6.068,2.0558153870665388,0.0,-1.2460052186040889,0.0,0.6736383070883726
Shohei Ohtani*,19755,660271,2023,LAA,245.0,599.0,0.4090150250417362,28.0,143.0,,0.2387312186978297,1.0,4.0874999999999995,-0.4817194533899141,0.0,0.08767810848276619,0.0,-0.10713148763853422
José Abreu,15676,547989,2023,HOU,176.0,594.0,0.2962962962962963,36.0,130.0,,0.21885521885521886,1.0,2.83,-2.0929035290647375,0.0,-0.235339430066702,0.0,1.9749212982998838
Whit Merrifield,11281,593160,2023,TOR,188.0,592.0,0.31756756756756754,34.0,101.0,,0.17060810810810811,1.0,4.165,-0.38242182645965583,0.0,-1.0194339701684971,0.0,1.4544081018152795
Marcell Ozuna,10324,542303,2023,ATL,205.0,592.0,0.34628378378378377,32.0,134.0,,0.22635135135135134,1.0,4.463473311667755,-1.1379872176372741e-15,0.0,-0.1135150042911315,0.0,0.9338949053306749
Dominic Smith*,15653,642086,2023,WSN,191.0,586.0,0.32593856655290104,28.0,91.0,,0.1552901023890785,1.0,7.161818181818182,3.4572805451015647,0.0,-1.2683766418342497,0.0,-0.10713148763853422
Seiya Suzuki,30116,673548,2023,CHC,208.0,583.0,0.3567753001715266,28.0,130.0,,0.22298456260720412,1.0,4.463473311667755,-1.1379872176372741e-15,0.0,-0.16823083351039947,0.0,-0.10713148763853422
Matt Chapman,16505,656305,2023,TOR,192.0,581.0,0.3304647160068847,30.0,165.0,,0.28399311531841653,1.0,4.165,-0.38242182645965583,0.0,0.8232580316179418,0.0,0.41338170884607034
Daulton Varsho*,19918,662139,2023,TOR,165.0,581.0,0.28399311531841653,26.0,135.0,,0.23235800344234078,1.0,4.463473311667755,-1.1379872176372741e-15,0.0,-0.015897073685454885,0.0,-0.6276446841231388
Carlos Correa,14162,621043,2023,MIN,181.0,580.0,0.3120689655172414,28.0,131.0,,0.22586206896551725,1.0,5.04,0.73868041307551,0.0,-0.12146664411701408,0.0,-0.10713148763853422
Jorge Soler,14221,624585,2023,MIA,198.0,580.0,0.3413793103448276,31.0,141.0,,0.24310344827586206,1.0,5.1425,0.8700095325639152,0.0,0.15873399736647598,0.0,0.6736383070883726
Masataka Yoshida*,31837,807799,2023,BOS,196.0,580.0,0.33793103448275863,29.0,81.0,,0.1396551724137931,1.0,4.463473311667755,-1.1379872176372741e-15,0.0,-1.5224698515344661,0.0,0.15312511060376804
Max Muncy*,13301,571970,2023,LAD,193.0,579.0,0.3333333333333333,32.0,153.0,,0.26424870466321243,1.0,5.985714285714286,1.9503860172751506,0.0,0.502379032802446,0.0,0.9338949053306749
Jeimer Candelario#,13621,600869,2023,2TM,193.0,576.0,0.3350694444444444,29.0,127.0,,0.2204861111111111,1.0,7.350909090909091,3.6995551069959167,0.0,-0.20883476080179708,0.0,0.15312511060376804
Jeimer Candelario#,13621,600869,2023,WSN,143.0,419.0,0.3412887828162291,29.0,88.0,,0.2100238663484487,1.0,7.350909090909091,3.6995551069959167,0.0,-0.37886336704540424,0.0,0.15312511060376804
Jeimer Candelario#,13621,600869,2023,CHC,50.0,157.0,0.3184713375796178,29.0,39.0,,0.2484076433121019,1.0,7.350909090909091,3.6995551069959167,0.0,0.24493585076553726,0.0,0.15312511060376804
Isaac Paredes,20036,670623,2023,TBR,201.0,571.0,0.3520140105078809,24.0,104.0,,0.18213660245183888,1.0,6.452,2.547819112759686,0.0,-0.8320770625622724,0.0,-1.1481578806077433
Cal Raleigh#,21534,663728,2023,SEA,174.0,569.0,0.30579964850615116,26.0,158.0,,0.27768014059753954,1.0,3.687272727272727,-0.9945145297071676,0.0,0.7206618567633318,0.0,-0.6276446841231388
James Outman*,24770,681546,2023,LAD,200.0,567.0,0.3527336860670194,26.0,181.0,,0.31922398589065254,1.0,7.1225000000000005,3.4069037431692055,0.0,1.3958173586109583,0.0,-0.6276446841231388
Austin Hays,19363,669720,2023,BAL,184.0,566.0,0.3250883392226148,27.0,141.0,,0.24911660777385158,1.0,3.6824999999999997,-1.0006296328319049,0.0,0.2564576839898701,0.0,-0.3673880858808365
DJ LeMahieu,9874,518934,2023,NYY,184.0,562.0,0.3274021352313167,34.0,125.0,,0.22241992882562278,1.0,3.85,-0.7860186326923155,0.0,-0.17740705688293515,0.0,1.4544081018152795
Keibert Ruiz#,19610,660688,2023,WSN,173.0,562.0,0.30782918149466193,24.0,58.0,,0.10320284697508897,1.0,7.161818181818182,3.4572805451015647,0.0,-2.1148798198808776,0.0,-1.1481578806077433
Cody Bellinger*,15998,641355,2023,CHC,198.0,556.0,0.35611510791366907,27.0,87.0,,0.1564748201438849,1.0,3.7419999999999995,-0.9243946805435138,0.0,-1.2491230386915793,0.0,-0.3673880858808365
TJ Friedl*,19522,670770,2023,CIN,193.0,556.0,0.3471223021582734,27.0,90.0,,0.1618705035971223,1.0,2.965,-1.9199334692507408,0.0,-1.1614343487309187,0.0,-0.3673880858808365
Trent Grisham*,18564,663757,2023,SDP,173.0,555.0,0.3117117117117117,26.0,154.0,,0.2774774774774775,1.0,4.5600000000000005,0.12367575595907679,0.0,0.7173682492610385,0.0,-0.6276446841231388
Will Smith,19197,669257,2023,LAD,199.0,554.0,0.3592057761732852,28.0,89.0,,0.16064981949458484,1.0,4.463473311667755,-1.1379872176372741e-15,0.0,-1.1812724639085408,0.0,-0.10713148763853422
Leody Taveras#,18900,665750,2023,TEX,172.0,554.0,0.3104693140794224,24.0,117.0,,0.2111913357400722,1.0,4.463473311667755,-1.1379872176372741e-15,0.0,-0.3598900780435798,0.0,-1.1481578806077433
Hunter Renfroe,15464,592669,2023,2TM,163.0,548.0,0.29744525547445255,31.0,125.0,,0.2281021897810219,1.0,4.0874999999999995,-0.4817194533899141,0.0,-0.0850610133257286,0.0,0.6736383070883726
Hunter Renfroe,15464,592669,2023,LAA,153.0,504.0,0.30357142857142855,31.0,113.0,,0.22420634920634921,1.0,4.0874999999999995,-0.4817194533899141,0.0,-0.14837480095788894,0.0,0.6736383070883726
Javier Báez,12979,595879,2023,DET,146.0,547.0,0.26691042047531993,30.0,125.0,,0.22851919561243145,1.0,4.463473311667755,-1.1379872176372741e-15,0.0,-0.0782839858408565,0.0,0.41338170884607034
Bryce Harper*,11579,547180,2023,PHI,219.0,546.0,0.4010989010989011,30.0,119.0,,0.21794871794871795,1.0,4.463473311667755,-1.1379872176372741e-15,0.0,-0.25007155392610336,0.0,0.41338170884607034
Amed Rosario,15518,642708,2023,2TM,166.0,545.0,0.30458715596330277,27.0,99.0,,0.181651376146789,1.0,3.555,-1.1639902448784571,0.0,-0.8399627844347716,0.0,-0.3673880858808365
Amed Rosario,15518,642708,2023,CLE,126.0,412.0,0.3058252427184466,27.0,77.0,,0.18689320388349515,1.0,3.555,-1.1639902448784571,0.0,-0.7547745017612527,0.0,-0.3673880858808365
Amed Rosario,15518,642708,2023,LAD,40.0,133.0,0.3007518796992481,27.0,22.0,,0.16541353383458646,1.0,3.555,-1.1639902448784571,0.0,-1.1038543067016127,0.0,-0.3673880858808365
Jake Burger,22275,669394,2023,2TM,167.0,540.0,0.30925925925925923,27.0,149.0,,0.2759259259259259,1.0,5.11375,0.8331733161220449,0.0,0.6921529963387503,0.0,-0.3673880858808365
Jake Burger,22275,669394,2023,CHW,90.0,323.0,0.2786377708978328,27.0,102.0,,0.3157894736842105,1.0,5.11375,0.8331733161220449,0.0,1.3400009122521381,0.0,-0.3673880858808365
Jake Burger,22275,669394,2023,MIA,77.0,217.0,0.3548387096774194,27.0,47.0,,0.21658986175115208,1.0,5.11375,0.8331733161220449,0.0,-0.27215519186412623,0.0,-0.3673880858808365
Corey Seager*,13624,608369,2023,TEX,209.0,536.0,0.38992537313432835,29.0,88.0,,0.16417910447761194,1.0,3.7225,-0.9493792447388681,0.0,-1.1239158047676507,0.0,0.15312511060376804
Jack Suwinski*,22244,669261,2023,PIT,181.0,534.0,0.3389513108614232,24.0,172.0,,0.32209737827715357,1.0,5.413846153846153,1.2176744248681162,0.0,1.4425146892269776,0.0,-1.1481578806077433
Orlando Arcia,13185,606115,2023,ATL,171.0,533.0,0.32082551594746717,28.0,102.0,,0.19136960600375236,1.0,4.463473311667755,-1.1379872176372741e-15,0.0,-0.6820256385144733,0.0,-0.10713148763853422
Thairo Estrada,16426,642731,2023,SFG,167.0,530.0,0.3150943396226415,27.0,120.0,,0.22641509433962265,1.0,4.3999999999999995,-0.08132579641306915,0.0,-0.11247907637131725,0.0,-0.3673880858808365
Matt Vierling,21558,663837,2023,DET,174.0,530.0,0.3283018867924528,26.0,112.0,,0.21132075471698114,1.0,4.463473311667755,-1.1379872176372741e-15,0.0,-0.3577868077832786,0.0,-0.6276446841231388
Jonathan India,21523,663697,2023,CIN,179.0,529.0,0.3383742911153119,26.0,109.0,,0.2060491493383743,1.0,3.26,-1.5419618570645992,0.0,-0.44345902588981917,0.0,-0.6276446841231388
Tommy Edman#,19470,669242,2023,STL,161.0,528.0,0.30492424242424243,28.0,84.0,,0.1590909090909091,1.0,5.062,0.7668681265266802,0.0,-1.2066073102258044,0.0,-0.10713148763853422
Brent Rooker,19627,667670,2023,OAK,173.0,526.0,0.3288973384030418,28.0,172.0,,0.3269961977186312,1.0,4.463473311667755,-1.1379872176372741e-15,0.0,1.5221285255277794,0.0,-0.10713148763853422
Tim Anderson,15172,641313,2023,CHW,150.0,524.0,0.2862595419847328,30.0,122.0,,0.23282442748091603,1.0,5.444545454545454,1.2570082017437163,0.0,-0.008316919426352824,0.0,0.41338170884607034
Brandon Drury,11615,592273,2023,LAA,160.0,523.0,0.30592734225621415,30.0,136.0,,0.26003824091778205,1.0,4.0874999999999995,-0.4817194533899141,0.0,0.43395210354251673,0.0,0.41338170884607034
Jake Cronenworth*,18036,630105,2023,SDP,162.0,522.0,0.3103448275862069,29.0,97.0,,0.18582375478927204,1.0,4.694999999999999,0.2966458157730724,0.0,-0.7721548004508972,0.0,0.15312511060376804
Jurickson Profar#,10815,595777,2023,2TM,167.0,521.0,0.32053742802303264,30.0,90.0,,0.1727447216890595,1.0,4.918571428571428,0.5830988777930783,0.0,-0.9847105014013722,0.0,0.41338170884607034
Jurickson Profar#,10815,595777,2023,COL,149.0,472.0,0.3156779661016949,30.0,86.0,,0.18220338983050846,1.0,4.918571428571428,0.5830988777930783,0.0,-0.8309916583141918,0.0,0.41338170884607034
Zach McKinstry*,19392,656716,2023,DET,156.0,518.0,0.30115830115830117,28.0,113.0,,0.21814671814671815,1.0,4.463473311667755,-1.1379872176372741e-15,0.0,-0.24685372654147947,0.0,-0.10713148763853422
Myles Straw,17620,664702,2023,CLE,154.0,518.0,0.2972972972972973,28.0,97.0,,0.18725868725868725,1.0,3.3200000000000003,-1.4650862749250444,0.0,-0.7488347985427908,0.0,-0.10713148763853422
Tyler Stephenson,17988,663886,2023,CIN,164.0,517.0,0.31721470019342357,26.0,135.0,,0.2611218568665377,1.0,2.965,-1.9199334692507408,0.0,0.45156263681237535,0.0,-0.6276446841231388
Eddie Rosario*,12155,592696,2023,ATL,157.0,516.0,0.30426356589147285,31.0,122.0,,0.2364341085271318,1.0,4.463473311667755,-1.1379872176372741e-15,0.0,0.050346307366273386,0.0,0.6736383070883726
Josh Jung,26299,673962,2023,TEX,162.0,515.0,0.3145631067961165,25.0,151.0,,0.29320388349514565,1.0,3.7225,-0.9493792447388681,0.0,0.9729480944151043,0.0,-0.8879012823654411
Mark Canha,11445,592192,2023,2TM,180.0,507.0,0.35502958579881655,34.0,79.0,,0.15581854043392504,1.0,5.378,1.1717461924616657,0.0,-1.2597886584435334,0.0,1.4544081018152795
Mark Canha,11445,592192,2023,NYM,104.0,303.0,0.3432343234323432,34.0,52.0,,0.1716171617161716,1.0,5.378,1.1717461924616657,0.0,-1.0030351970088012,0.0,1.4544081018152795
Mark Canha,11445,592192,2023,MIL,76.0,204.0,0.37254901960784315,34.0,27.0,,0.1323529411764706,1.0,5.378,1.1717461924616657,0.0,-1.641143064398062,0.0,1.4544081018152795
Lars Nootbaar*,21454,663457,2023,STL,184.0,503.0,0.3658051689860835,25.0,99.0,,0.19681908548707752,1.0,4.463473311667755,-1.1379872176372741e-15,0.0,-0.5934626749897011,0.0,-0.8879012823654411
Triston Casas*,22514,671213,2023,BOS,184.0,502.0,0.3665338645418327,23.0,126.0,,0.250996015936255,1.0,4.463473311667755,-1.1379872176372741e-15,0.0,0.287001143607325,0.0,-1.4084144788500457
Jonah Heim#,16930,641680,2023,TEX,159.0,501.0,0.31736526946107785,28.0,96.0,,0.19161676646706588,1.0,4.463473311667755,-1.1379872176372741e-15,0.0,-0.6780088763330245,0.0,-0.10713148763853422
Josh Lowe*,19953,666139,2023,TBR,168.0,501.0,0.33532934131736525,25.0,124.0,,0.24750499001996007,1.0,4.463473311667755,-1.1379872176372741e-15,0.0,0.2302662569388082,0.0,-0.8879012823654411
Esteury Ruiz,21780,665923,2023,OAK,150.0,497.0,0.30181086519114686,24.0,99.0,,0.19919517102615694,1.0,3.715,-0.9589886925063128,0.0,-0.5548473948380586,0.0,-1.1481578806077433
Willson Contreras,11609,575929,2023,STL,177.0,495.0,0.3575757575757576,31.0,111.0,,0.22424242424242424,1.0,5.007499999999999,0.6970394727499174,0.0,-0.14778852255940267,0.0,0.6736383070883726
Josh Naylor*,18839,647304,2023,CLE,175.0,495.0,0.35353535353535354,26.0,68.0,,0.13737373737373737,1.0,3.665,-1.0230516776226077,0.0,-1.5595469061146048,0.0,-0.6276446841231388
Ryan Noda*,23312,676116,2023,OAK,180.0,495.0,0.36363636363636365,27.0,170.0,,0.3434343434343434,1.0,3.574,-1.1396463105342653,0.0,1.7892753060395954,0.0,-0.3673880858808365
Geraldo Perdomo#,22799,672695,2023,ARI,170.0,495.0,0.3434343434343434,23.0,86.0,,0.17373737373737375,1.0,4.463473311667755,-1.1379872176372741e-15,0.0,-0.968578280440334,0.0,-1.4084144788500457
Mauricio Dubón,16530,643289,2023,HOU,152.0,492.0,0.3089430894308943,28.0,70.0,,0.14227642276422764,1.0,4.63875,0.224574957517241,0.0,-1.4798702418129925,0.0,-0.10713148763853422
Wander Franco#,23667,677551,2023,TBR,169.0,491.0,0.34419551934826886,22.0,69.0,,0.14052953156822812,1.0,6.068,2.0558153870665388,0.0,-1.5082600837688063,0.0,-1.6686710770923479
Max Kepler*,12144,596146,2023,MIN,163.0,491.0,0.3319755600814664,30.0,106.0,,0.2158859470468432,1.0,4.463473311667755,-1.1379872176372741e-15,0.0,-0.28359495826255293,0.0,0.41338170884607034
Shea Langeliers,25816,669127,2023,OAK,131.0,490.0,0.2673469387755102,25.0,143.0,,0.29183673469387755,1.0,3.715,-0.9589886925063128,0.0,0.9507296880902195,0.0,-0.8879012823654411
Eloy Jiménez,17484,650391,2023,CHW,155.0,489.0,0.3169734151329243,26.0,93.0,,0.1901840490797546,1.0,4.463473311667755,-1.1379872176372741e-15,0.0,-0.7012928795303963,0.0,-0.6276446841231388
Tommy Pham,2967,502054,2023,2TM,158.0,481.0,0.3284823284823285,35.0,106.0,,0.2203742203742204,1.0,2.17,-2.9385349325998344,0.0,-0.21065316846446178,0.0,1.7146647000575816
Tommy Pham,2967,502054,2023,NYM,92.0,264.0,0.3484848484848485,35.0,56.0,,0.21212121212121213,1.0,2.17,-2.9385349325998344,0.0,-0.34477806445082615,0.0,1.7146647000575816
Tommy Pham,2967,502054,2023,ARI,66.0,217.0,0.30414746543778803,35.0,50.0,,0.2304147465437788,1.0,2.17,-2.9385349325998344,0.0,-0.04747817979902339,0.0,1.7146647000575816
Andrew McCutchen,9847,457705,2023,PIT,179.0,473.0,0.3784355179704017,36.0,100.0,,0.21141649048625794,1.0,5.847142857142857,1.7728400299528466,0.0,-0.35623094479335077,0.0,1.9749212982998838
Connor Joe,16572,656582,2023,PIT,160.0,472.0,0.3389830508474576,30.0,110.0,,0.2330508474576271,1.0,5.413846153846153,1.2176744248681162,0.0,-0.004637224108643794,0.0,0.41338170884607034
Brandon Marsh*,20202,669016,2023,PHI,175.0,472.0,0.3707627118644068,25.0,144.0,,0.3050847457627119,1.0,4.496666666666667,0.042529308145102716,0.0,1.1660315576825497,0.0,-0.8879012823654411
Randal Grichuk,10243,545341,2023,2TM,151.0,471.0,0.3205944798301486,31.0,96.0,,0.20382165605095542,1.0,4.463473311667755,-1.1379872176372741e-15,0.0,-0.4796594386758454,0.0,0.6736383070883726
Randal Grichuk,10243,545341,2023,COL,96.0,263.0,0.3650190114068441,31.0,51.0,,0.19391634980988592,1.0,4.463473311667755,-1.1379872176372741e-15,0.0,-0.6406368821204549,0.0,0.6736383070883726
Randal Grichuk,10243,545341,2023,LAA,55.0,208.0,0.2644230769230769,31.0,45.0,,0.21634615384615385,1.0,4.463473311667755,-1.1379872176372741e-15,0.0,-0.27611584432040204,0.0,0.6736383070883726
Michael Conforto*,16376,624424,2023,SFG,157.0,470.0,0.33404255319148934,30.0,106.0,,0.225531914893617,1.0,4.221666666666667,-0.30981710999452133,0.0,-0.12683218831563436,0.0,0.41338170884607034
Ryan Mountcastle,18373,663624,2023,BAL,154.0,470.0,0.3276595744680851,26.0,107.0,,0.2276595744680851,1.0,4.279999999999999,-0.23507696069217776,0.0,-0.09225423681341634,0.0,-0.6276446841231388
Jordan Walker,27475,691023,2023,STL,159.0,465.0,0.3419354838709677,21.0,104.0,,0.22365591397849463,1.0,4.906666666666666,0.5678457860987224,0.0,-0.15732027458640696,0.0,-1.92892767533465
Nolan Gorman*,22263,669357,2023,STL,152.0,464.0,0.3275862068965517,23.0,148.0,,0.31896551724137934,1.0,4.906666666666666,0.5678457860987224,0.0,1.3916168198938343,0.0,-1.4084144788500457
Michael Massey*,27684,686681,2023,KCR,126.0,461.0,0.27331887201735355,25.0,99.0,,0.21475054229934923,1.0,4.01,-0.5810170803201713,0.0,-0.302047144300843,0.0,-0.8879012823654411
Kerry Carpenter*,25961,681481,2023,DET,156.0,459.0,0.33986928104575165,25.0,115.0,,0.25054466230936817,1.0,4.463473311667755,-1.1379872176372741e-15,0.0,0.27966590821152915,0.0,-0.8879012823654411
Aaron Judge,15640,592450,2023,NYY,186.0,458.0,0.40611353711790393,31.0,130.0,,0.2838427947598253,1.0,3.85,-0.7860186326923155,0.0,0.8208150764351078,0.0,0.6736383070883726
Chas McCormick,19599,676801,2023,HOU,161.0,457.0,0.3522975929978118,28.0,117.0,,0.25601750547045954,1.0,4.63875,0.224574957517241,0.0,0.3686085697511565,0.0,-0.10713148763853422
Garrett Cooper,15279,643265,2023,2TM,139.0,457.0,0.3041575492341357,32.0,132.0,,0.2888402625820569,1.0,5.1425,0.8700095325639152,0.0,0.9020321104308867,0.0,0.9338949053306749
Garrett Cooper,15279,643265,2023,MIA,96.0,324.0,0.2962962962962963,32.0,97.0,,0.2993827160493827,1.0,5.1425,0.8700095325639152,0.0,1.0733642394434497,0.0,0.9338949053306749
Garrett Cooper,15279,643265,2023,SDP,43.0,133.0,0.3233082706766917,32.0,35.0,,0.2631578947368421,1.0,5.1425,0.8700095325639152,0.0,0.48465158561832533,0.0,0.9338949053306749
Will Brennan*,25660,686823,2023,CLE,136.0,455.0,0.2989010989010989,25.0,57.0,,0.12527472527472527,1.0,3.8633333333333333,-0.768935169994637,0.0,-1.7561756612992676,0.0,-0.8879012823654411
Adam Frazier*,15223,624428,2023,BAL,135.0,455.0,0.2967032967032967,31.0,68.0,,0.14945054945054945,1.0,3.6824999999999997,-1.0006296328319049,0.0,-1.363278937636703,0.0,0.6736383070883726
Cedric Mullins*,17929,656775,2023,BAL,138.0,455.0,0.3032967032967033,28.0,101.0,,0.22197802197802197,1.0,4.6,0.17492614405211185,0.0,-0.18458876664900947,0.0,-0.10713148763853422
Wilmer Flores,5827,527038,2023,SFG,161.0,454.0,0.35462555066079293,31.0,63.0,,0.13876651982378854,1.0,2.523333333333333,-2.4858231711113485,0.0,-1.5369119110294303,0.0,0.6736383070883726
Donovan Solano,8623,456781,2023,MIN,166.0,450.0,0.3688888888888889,35.0,100.0,,0.2222222222222222,1.0,5.1850000000000005,0.9244630699127667,0.0,-0.18062011287464014,0.0,1.7146647000575816
Brice Turang*,22186,668930,2023,MIL,127.0,448.0,0.28348214285714285,23.0,94.0,,0.20982142857142858,1.0,3.9172727272727275,-0.6998247981722091,0.0,-0.38215331235433286,0.0,-1.4084144788500457
Luis Rengifo#,19858,650859,2023,LAA,151.0,445.0,0.3393258426966292,26.0,82.0,,0.1842696629213483,1.0,3.46,-1.2857099165994181,0.0,-0.7974113376732547,0.0,-0.6276446841231388
Alex Call,19296,669743,2023,WSN,134.0,439.0,0.3052391799544419,28.0,78.0,,0.1776765375854214,1.0,6.0675,2.0551747572153762,0.0,-0.9045604186867054,0.0,-0.10713148763853422
Sean Murphy,19352,669221,2023,ATL,160.0,438.0,0.365296803652968,28.0,98.0,,0.2237442922374429,1.0,2.69,-2.272279887390364,0.0,-0.15588398318507785,0.0,-0.10713148763853422
Brandon Lowe*,18882,664040,2023,TBR,143.0,436.0,0.32798165137614677,28.0,119.0,,0.27293577981651373,1.0,4.463473311667755,-1.1379872176372741e-15,0.0,0.6435582265755243,0.0,-0.10713148763853422
Harold Ramírez,14387,623912,2023,TBR,153.0,434.0,0.35253456221198154,28.0,79.0,,0.18202764976958524,1.0,6.26,2.3018172499131127,0.0,-0.8338477220268837,0.0,-0.10713148763853422
Brenton Doyle,25479,686668,2023,COL,107.0,431.0,0.2482598607888631,25.0,151.0,,0.3503480278422274,1.0,4.463473311667755,-1.1379872176372741e-15,0.0,1.9016339967935982,0.0,-0.8879012823654411
Jace Peterson*,12325,607054,2023,2TM,130.0,430.0,0.3023255813953488,33.0,101.0,,0.23488372093023255,1.0,3.255,-1.5483681555762285,0.0,0.025149970612718984,0.0,1.194151503572977
Jace Peterson*,12325,607054,2023,OAK,101.0,324.0,0.3117283950617284,33.0,77.0,,0.23765432098765432,1.0,3.255,-1.5483681555762285,0.0,0.07017675758897801,0.0,1.194151503572977
Jace Peterson*,12325,607054,2023,ARI,29.0,106.0,0.27358490566037735,33.0,24.0,,0.22641509433962265,1.0,3.255,-1.5483681555762285,0.0,-0.11247907637131725,0.0,1.194151503572977
Christopher Morel,21897,666624,2023,CHC,134.0,429.0,0.3123543123543124,24.0,133.0,,0.31002331002331,1.0,4.463473311667755,-1.1379872176372741e-15,0.0,1.2462913123645176,0.0,-1.1481578806077433
Joc Pederson*,11899,592626,2023,SFG,148.0,425.0,0.34823529411764703,31.0,89.0,,0.20941176470588235,1.0,4.3999999999999995,-0.08132579641306915,0.0,-0.388811020873615,0.0,0.6736383070883726
Jon Berti,12037,542932,2023,MIA,145.0,424.0,0.3419811320754717,33.0,77.0,,0.18160377358490565,1.0,5.203333333333334,0.9479528311220752,0.0,-0.8407364040005779,0.0,1.194151503572977
Nolan Jones*,20529,666134,2023,COL,165.0,424.0,0.3891509433962264,25.0,126.0,,0.2971698113207547,1.0,4.463473311667755,-1.1379872176372741e-15,0.0,1.0374009146222516,0.0,-0.8879012823654411
Miguel Rojas,7802,500743,2023,LAD,122.0,423.0,0.28841607565011823,34.0,48.0,,0.11347517730496454,1.0,4.463473311667755,-1.1379872176372741e-15,0.0,-1.9479376340991137,0.0,1.4544081018152795
Alejandro Kirk,22581,672386,2023,TOR,141.0,422.0,0.3341232227488152,24.0,45.0,,0.1066350710900474,1.0,4.165,-0.38242182645965583,0.0,-2.0591005587547433,0.0,-1.1481578806077433
David Peralta*,2136,444482,2023,LAD,124.0,422.0,0.2938388625592417,35.0,72.0,,0.17061611374407584,1.0,4.31,-0.19663916962240033,0.0,-1.019303865477146,0.0,1.7146647000575816
Anthony Rizzo*,3473,519203,2023,NYY,138.0,421.0,0.32779097387173395,33.0,97.0,,0.23040380047505937,1.0,3.85,-0.7860186326923155,0.0,-0.04765607133668399,0.0,1.194151503572977
Robbie Grossman#,5254,543257,2023,TEX,143.0,420.0,0.3404761904761905,33.0,98.0,,0.23333333333333334,1.0,3.77,-0.8885194088783879,0.0,-4.636614083496646e-05,0.0,1.194151503572977
Yan Gomes,9627,543228,2023,CHC,132.0,419.0,0.315035799522673,35.0,81.0,,0.19331742243436753,1.0,4.463473311667755,-1.1379872176372741e-15,0.0,-0.6503704325401469,0.0,1.7146647000575816
Tony Kemp*,14894,643393,2023,OAK,125.0,419.0,0.29832935560859186,31.0,40.0,,0.0954653937947494,1.0,3.574,-1.1396463105342653,0.0,-2.240626101866496,0.0,0.6736383070883726
Riley Greene*,25976,682985,2023,DET,145.0,416.0,0.3485576923076923,22.0,114.0,,0.27403846153846156,1.0,4.463473311667755,-1.1379872176372741e-15,0.0,0.6614786098743546,0.0,-1.6686710770923479
Jarred Kelenic*,22558,672284,2023,SEA,136.0,416.0,0.3269230769230769,23.0,132.0,,0.3173076923076923,1.0,3.6059999999999994,-1.0986460000598368,0.0,1.3646744505204211,0.0,-1.4084144788500457
Giancarlo Stanton,4949,519317,2023,NYY,114.0,415.0,0.2746987951807229,33.0,124.0,,0.2987951807228916,1.0,4.3425,-0.15499822929680762,0.0,1.063815828471582,0.0,1.194151503572977
Charlie Blackmon*,7859,453568,2023,COL,150.0,413.0,0.36319612590799033,36.0,55.0,,0.13317191283292978,1.0,4.489999999999999,0.03398757679626202,0.0,-1.6278334341552556,0.0,1.9749212982998838
Joey Wiemer,27690,686894,2023,MIL,116.0,410.0,0.28292682926829266,24.0,116.0,,0.28292682926829266,1.0,4.15625,-0.39363284885500754,0.0,0.8059291375734645,0.0,-1.1481578806077433
Willi Castro#,17338,650489,2023,MIN,138.0,409.0,0.3374083129584352,26.0,99.0,,0.24205378973105135,1.0,4.463473311667755,-1.1379872176372741e-15,0.0,0.14167532750598993,0.0,-0.6276446841231388
Taylor Ward,17548,621493,2023,LAA,137.0,409.0,0.33496332518337407,29.0,80.0,,0.19559902200489,1.0,4.0575,-0.5201572444596904,0.0,-0.6132907040705537,0.0,0.15312511060376804
Edouard Julien*,27534,666397,2023,MIN,155.0,408.0,0.3799019607843137,24.0,128.0,,0.3137254901960784,1.0,4.463473311667755,-1.1379872176372741e-15,0.0,1.3064578014037536,0.0,-1.1481578806077433
Kevin Kiermaier*,11038,595281,2023,TOR,131.0,408.0,0.32107843137254904,33.0,86.0,,0.2107843137254902,1.0,3.8625,-0.770002886413242,0.0,-0.3665048521594391,0.0,1.194151503572977
Martín Maldonado,6887,455117,2023,HOU,102.0,407.0,0.25061425061425063,36.0,139.0,,0.3415233415233415,1.0,4.6875,0.28703636800562893,0.0,1.7582183962819387,0.0,1.9749212982998838
Elvis Andrus,8709,462101,2023,CHW,123.0,406.0,0.30295566502463056,34.0,71.0,,0.1748768472906404,1.0,5.11375,0.8331733161220449,0.0,-0.9500599696467642,0.0,1.4544081018152795
Luke Raley*,19354,670042,2023,TBR,135.0,406.0,0.33251231527093594,28.0,128.0,,0.31527093596059114,1.0,4.463473311667755,-1.1379872176372741e-15,0.0,1.331573825290229,0.0,-0.10713148763853422
Yasmani Grandal#,11368,518735,2023,CHW,125.0,405.0,0.30864197530864196,34.0,86.0,,0.2123456790123457,1.0,5.11375,0.8331733161220449,0.0,-0.3411301099713553,0.0,1.4544081018152795
Brandon Belt*,10264,474832,2023,TOR,149.0,404.0,0.3688118811881188,35.0,141.0,,0.349009900990099,1.0,4.463473311667755,-1.1379872176372741e-15,0.0,1.8798872446571435,0.0,1.7146647000575816
Ramón Laureano,17128,657656,2023,2TM,123.0,404.0,0.30445544554455445,28.0,114.0,,0.28217821782178215,1.0,3.255,-1.5483681555762285,0.0,0.7937629759364851,0.0,-0.10713148763853422
Ramón Laureano,17128,657656,2023,OAK,69.0,246.0,0.2804878048780488,28.0,73.0,,0.2967479674796748,1.0,3.255,-1.5483681555762285,0.0,1.0305452615594175,0.0,-0.10713148763853422
Ramón Laureano,17128,657656,2023,CLE,54.0,158.0,0.34177215189873417,28.0,41.0,,0.25949367088607594,1.0,3.255,-1.5483681555762285,0.0,0.4251019489539461,0.0,-0.10713148763853422
Matt McLain,29695,680574,2023,CIN,144.0,403.0,0.3573200992555831,23.0,115.0,,0.2853598014888337,1.0,4.463473311667755,-1.1379872176372741e-15,0.0,0.8454689194340774,0.0,-1.4084144788500457
Connor Wong,19896,657136,2023,BOS,115.0,403.0,0.2853598014888337,27.0,134.0,,0.3325062034739454,1.0,4.463473311667755,-1.1379872176372741e-15,0.0,1.6116751400663514,0.0,-0.3673880858808365
Jesús Sánchez*,19913,660821,2023,MIA,131.0,402.0,0.32587064676616917,25.0,107.0,,0.26616915422885573,1.0,4.83,0.4696158755870703,0.0,0.5335894824157826,0.0,-0.8879012823654411
Alek Thomas*,23792,677950,2023,ARI,109.0,402.0,0.27114427860696516,23.0,86.0,,0.21393034825870647,1.0,3.9425000000000003,-0.6675021102271691,0.0,-0.3153766402879272,0.0,-1.4084144788500457
Mike Tauchman*,15274,643565,2023,CHC,145.0,401.0,0.36159600997506236,32.0,86.0,,0.2144638403990025,1.0,4.463473311667755,-1.1379872176372741e-15,0.0,-0.3067065195715612,0.0,0.9338949053306749
Paul DeJong,18015,657557,2023,3TM,103.0,400.0,0.2575,29.0,121.0,,0.3025,1.0,4.463473311667755,-1.1379872176372741e-15,0.0,1.1240252072771004,0.0,0.15312511060376804
Paul DeJong,18015,657557,2023,2TM,100.0,356.0,0.2808988764044944,29.0,103.0,,0.2893258426966292,1.0,4.463473311667755,-1.1379872176372741e-15,0.0,0.9099235822873839,0.0,0.15312511060376804
Paul DeJong,18015,657557,2023,STL,91.0,306.0,0.2973856209150327,29.0,87.0,,0.28431372549019607,1.0,4.463473311667755,-1.1379872176372741e-15,0.0,0.8284684718142697,0.0,0.15312511060376804
Ramón Urías,18795,602104,2023,BAL,130.0,396.0,0.3282828282828283,29.0,101.0,,0.255050505050505,1.0,3.6824999999999997,-1.0006296328319049,0.0,0.3528932297479651,0.0,0.15312511060376804
Brett Baty*,26123,683146,2023,NYM,106.0,389.0,0.27249357326478146,23.0,109.0,,0.2802056555269923,1.0,4.463473311667755,-1.1379872176372741e-15,0.0,0.7617056091552417,0.0,-1.4084144788500457
Michael A. Taylor,11489,572191,2023,MIN,107.0,388.0,0.2757731958762887,32.0,130.0,,0.33505154639175255,1.0,4.275,-0.241483259203806,0.0,1.653041129731523,0.0,0.9338949053306749
Mike Moustakas*,4892,519058,2023,2TM,113.0,386.0,0.2927461139896373,34.0,95.0,,0.24611398963730569,1.0,4.463473311667755,-1.1379872176372741e-15,0.0,0.20766022336644296,0.0,1.4544081018152795
Mike Moustakas*,4892,519058,2023,COL,49.0,136.0,0.3602941176470588,34.0,34.0,,0.25,1.0,4.463473311667755,-1.1379872176372741e-15,0.0,0.27081425395987235,0.0,1.4544081018152795
Mike Moustakas*,4892,519058,2023,LAA,64.0,250.0,0.256,34.0,61.0,,0.244,1.0,4.463473311667755,-1.1379872176372741e-15,0.0,0.17330443072361762,0.0,1.4544081018152795
Edward Olivares,19698,658668,2023,KCR,122.0,385.0,0.3168831168831169,27.0,64.0,,0.16623376623376623,1.0,4.463473311667755,-1.1379872176372741e-15,0.0,-1.0905241873255012,0.0,-0.3673880858808365
Chris Taylor,13757,621035,2023,LAD,125.0,384.0,0.3255208333333333,32.0,125.0,,0.3255208333333333,1.0,6.2975,2.3498644887503346,0.0,1.4981514387912025,0.0,0.9338949053306749
Andy Ibáñez,18819,628451,2023,DET,119.0,383.0,0.31070496083550914,30.0,69.0,,0.1801566579634465,1.0,4.463473311667755,-1.1379872176372741e-15,0.0,-0.8642544020757289,0.0,0.41338170884607034
Mike Yastrzemski*,14854,573262,2023,SFG,125.0,381.0,0.32808398950131235,32.0,99.0,,0.25984251968503935,1.0,4.3999999999999995,-0.08132579641306915,0.0,0.43077131307446304,0.0,0.9338949053306749
Jake Fraley*,19260,641584,2023,CIN,129.0,380.0,0.3394736842105263,28.0,71.0,,0.1868421052631579,1.0,2.965,-1.9199334692507408,0.0,-0.755604938000703,0.0,-0.10713148763853422
Gabriel Moreno,22664,672515,2023,ARI,129.0,380.0,0.3394736842105263,23.0,75.0,,0.19736842105263158,1.0,4.17,-0.37601552794802645,0.0,-0.5845350726739403,0.0,-1.4084144788500457
Seth Brown*,18171,664913,2023,OAK,108.0,378.0,0.2857142857142857,30.0,101.0,,0.2671957671957672,1.0,3.4699999999999998,-1.2728973195761595,0.0,0.5502736239050469,0.0,0.41338170884607034
Yainer Diaz,23003,673237,2023,HOU,116.0,377.0,0.3076923076923077,24.0,74.0,,0.1962864721485411,1.0,4.463473311667755,-1.1379872176372741e-15,0.0,-0.6021185137386939,0.0,-1.1481578806077433
Jason Heyward*,4940,518792,2023,LAD,127.0,377.0,0.33687002652519893,33.0,64.0,,0.16976127320954906,1.0,4.463473311667755,-1.1379872176372741e-15,0.0,-1.0331964237132947,0.0,1.194151503572977
Brendan Donovan*,24679,680977,2023,STL,135.0,371.0,0.3638814016172507,26.0,53.0,,0.14285714285714285,1.0,3.5060000000000002,-1.2267719702924262,0.0,-1.4704325895446753,0.0,-0.6276446841231388
Miguel Cabrera,1744,408234,2023,DET,119.0,370.0,0.3216216216216216,40.0,74.0,,0.2,1.0,4.463473311667755,-1.1379872176372741e-15,0.0,-0.5417676063422496,0.0,3.0159476912690932
Kyle Farmer,14813,571657,2023,MIN,117.0,369.0,0.3170731707317073,32.0,86.0,,0.23306233062330622,1.0,5.1850000000000005,0.9244630699127667,0.0,-0.004450603866049925,0.0,0.9338949053306749
Jake Rogers,19452,668670,2023,DET,104.0,365.0,0.28493150684931506,28.0,118.0,,0.3232876712328767,1.0,4.463473311667755,-1.1379872176372741e-15,0.0,1.461858898512298,0.0,-0.10713148763853422
Jarren Duran*,24617,680776,2023,BOS,125.0,362.0,0.3453038674033149,26.0,90.0,,0.24861878453038674,1.0,4.463473311667755,-1.1379872176372741e-15,0.0,0.24836724124434417,0.0,-0.6276446841231388
Mike Trout,10155,545361,2023,LAA,133.0,362.0,0.3674033149171271,31.0,104.0,,0.287292817679558,1.0,4.0575,-0.5201572444596904,0.0,0.8768835972791346,0.0,0.6736383070883726
Brian Anderson,18289,605119,2023,MIL,112.0,361.0,0.31024930747922436,30.0,108.0,,0.29916897506925205,1.0,4.123,-0.4362347339573436,0.0,1.0698905985783023,0.0,0.41338170884607034
Akil Baddoo*,22168,668731,2023,DET,110.0,357.0,0.3081232492997199,24.0,89.0,,0.24929971988795518,1.0,4.463473311667755,-1.1379872176372741e-15,0.0,0.25943355563631326,0.0,-1.1481578806077433
Yoán Moncada#,17232,660162,2023,CHW,109.0,357.0,0.30532212885154064,28.0,107.0,,0.29971988795518206,1.0,5.194444444444445,0.9365638559902888,0.0,1.0788438349325706,0.0,-0.10713148763853422
Christian Vázquez,9774,543877,2023,MIN,99.0,355.0,0.27887323943661974,32.0,82.0,,0.23098591549295774,1.0,4.275,-0.241483259203806,0.0,-0.03819574925361075,0.0,0.9338949053306749
Patrick Bailey#,27478,672275,2023,SFG,100.0,353.0,0.28328611898017,24.0,100.0,,0.28328611898017,1.0,4.463473311667755,-1.1379872176372741e-15,0.0,0.8117681836227583,0.0,-1.1481578806077433
Adam Duvall,10950,594807,2023,BOS,107.0,353.0,0.3031161473087819,34.0,110.0,,0.311614730878187,1.0,4.463473311667755,-1.1379872176372741e-15,0.0,1.2721545067401079,0.0,1.4544081018152795
Rowdy Tellez*,15679,642133,2023,MIL,102.0,351.0,0.2905982905982906,28.0,86.0,,0.245014245014245,1.0,4.170000000000001,-0.37601552794802534,0.0,0.18978757273316502,0.0,-0.10713148763853422
Jorge Mateo,17273,622761,2023,BAL,92.0,350.0,0.26285714285714284,28.0,82.0,,0.2342857142857143,1.0,3.6824999999999997,-1.0006296328319049,0.0,0.01543138357920549,0.0,-0.10713148763853422
Josh Rojas*,19734,668942,2023,2TM,105.0,350.0,0.3,29.0,81.0,,0.23142857142857143,1.0,4.463473311667755,-1.1379872176372741e-15,0.0,-0.03100186558091588,0.0,0.15312511060376804
Josh Rojas*,19734,668942,2023,ARI,62.0,216.0,0.28703703703703703,29.0,51.0,,0.2361111111111111,1.0,4.463473311667755,-1.1379872176372741e-15,0.0,0.0450970705426161,0.0,0.15312511060376804
Josh Rojas*,19734,668942,2023,SEA,43.0,134.0,0.3208955223880597,29.0,30.0,,0.22388059701492538,1.0,4.463473311667755,-1.1379872176372741e-15,0.0,-0.15366880739198238,0.0,0.15312511060376804
Taylor Walls#,22458,670764,2023,TBR,106.0,349.0,0.3037249283667622,26.0,92.0,,0.2636103151862464,1.0,6.26,2.3018172499131127,0.0,0.4920041586266387,0.0,-0.6276446841231388
Alec Burleson*,27615,676475,2023,STL,103.0,347.0,0.2968299711815562,24.0,45.0,,0.12968299711815562,1.0,5.0375,0.7354772638196948,0.0,-1.6845340265942257,0.0,-1.1481578806077433
Byron Buxton,14161,621439,2023,MIN,102.0,347.0,0.29394812680115273,29.0,109.0,,0.31412103746397696,1.0,4.792,0.42092800689868565,0.0,1.3128860920994816,0.0,0.15312511060376804
Gabriel Arias,22563,672356,2023,CLE,95.0,345.0,0.2753623188405797,23.0,113.0,,0.32753623188405795,1.0,4.463473311667755,-1.1379872176372741e-15,0.0,1.530904964863163,0.0,-1.4084144788500457
Nick Pratto*,22117,668472,2023,KCR,106.0,345.0,0.3072463768115942,24.0,138.0,,0.4,1.0,4.463473311667755,-1.1379872176372741e-15,0.0,2.708559834866239,0.0,-1.1481578806077433
Aledmys Díaz,15937,649557,2023,OAK,96.0,344.0,0.27906976744186046,32.0,66.0,,0.19186046511627908,1.0,3.4699999999999998,-1.2728973195761595,0.0,-0.6740483742984091,0.0,0.9338949053306749
Mitch Garver,15161,641598,2023,TEX,127.0,344.0,0.3691860465116279,32.0,82.0,,0.23837209302325582,1.0,3.58,-1.1319587523203096,0.0,0.08184172830821616,0.0,0.9338949053306749
Blake Sabol*,25805,666165,2023,SFG,103.0,344.0,0.29941860465116277,25.0,117.0,,0.34011627906976744,1.0,4.3999999999999995,-0.08132579641306915,0.0,1.7353513277602086,0.0,-0.8879012823654411
Gavin Sheets*,19901,657757,2023,CHW,92.0,344.0,0.26744186046511625,27.0,66.0,,0.19186046511627908,1.0,4.463473311667755,-1.1379872176372741e-15,0.0,-0.6740483742984091,0.0,-0.3673880858808365
Harrison Bader,18030,664056,2023,2TM,94.0,344.0,0.27325581395348836,29.0,59.0,,0.17151162790697674,1.0,4.463473311667755,-1.1379872176372741e-15,0.0,-1.0047502941888078,0.0,0.15312511060376804
Harrison Bader,18030,664056,2023,NYY,86.0,310.0,0.27741935483870966,29.0,56.0,,0.18064516129032257,1.0,4.463473311667755,-1.1379872176372741e-15,0.0,-0.856315423233394,0.0,0.15312511060376804
Jorge Polanco#,13152,593871,2023,MIN,115.0,343.0,0.33527696793002915,29.0,88.0,,0.2565597667638484,1.0,4.463473311667755,-1.1379872176372741e-15,0.0,0.37742120356219155,0.0,0.15312511060376804
Starling Marte,9241,516782,2023,NYM,102.0,341.0,0.2991202346041056,34.0,69.0,,0.20234604105571846,1.0,5.842,1.7662506943408844,0.0,-0.5036405982342326,0.0,1.4544081018152795
Jake Meyers,20308,676694,2023,HOU,101.0,341.0,0.2961876832844575,27.0,88.0,,0.25806451612903225,1.0,4.463473311667755,-1.1379872176372741e-15,0.0,0.4018758443311823,0.0,-0.3673880858808365
Cavan Biggio*,19252,624415,2023,TOR,115.0,338.0,0.34023668639053256,28.0,88.0,,0.2603550295857988,1.0,4.12,-0.44007851306432144,0.0,0.43910043804611065,0.0,-0.10713148763853422
Drew Waters#,20505,671221,2023,KCR,101.0,337.0,0.2997032640949555,24.0,107.0,,0.31750741839762614,1.0,4.463473311667755,-1.1379872176372741e-15,0.0,1.3679203264746074,0.0,-1.1481578806077433
Manuel Margot,14712,622534,2023,TBR,104.0,336.0,0.30952380952380953,28.0,55.0,,0.1636904761904762,1.0,6.26,2.3018172499131127,0.0,-1.1318568144187908,0.0,-0.10713148763853422
Kris Bryant,15429,592178,2023,COL,105.0,335.0,0.31343283582089554,31.0,68.0,,0.20298507462686566,1.0,4.507999999999999,0.05705025143812802,0.0,-0.49325525647346663,0.0,0.6736383070883726
Ryan Jeffers,24618,680777,2023,MIN,122.0,335.0,0.3641791044776119,26.0,93.0,,0.27761194029850744,1.0,4.463473311667755,-1.1379872176372741e-15,0.0,0.7195534902461186,0.0,-0.6276446841231388
Christian Bethancourt,10028,542194,2023,TBR,84.0,332.0,0.25301204819277107,31.0,91.0,,0.2740963855421687,1.0,6.26,2.3018172499131127,0.0,0.6624199697681243,0.0,0.6736383070883726
Joey Gallo*,14128,608336,2023,MIN,100.0,332.0,0.30120481927710846,29.0,142.0,,0.42771084337349397,1.0,5.38,1.1743087118663171,0.0,3.158906408045728,0.0,0.15312511060376804
Oswaldo Cabrera#,21707,665828,2023,NYY,90.0,330.0,0.2727272727272727,24.0,72.0,,0.21818181818181817,1.0,4.8075,0.4407875322847375,0.0,-0.24628329350511463,0.0,-1.1481578806077433
Nick Senzel,19293,669222,2023,CIN,98.0,330.0,0.296969696969697,28.0,74.0,,0.22424242424242424,1.0,4.463473311667755,-1.1379872176372741e-15,0.0,-0.14778852255940267,0.0,-0.10713148763853422
Nick Allen,22277,669397,2023,OAK,85.0,329.0,0.25835866261398177,24.0,52.0,,0.1580547112462006,1.0,4.463473311667755,-1.1379872176372741e-15,0.0,-1.2234472216716898,0.0,-1.1481578806077433
Will Benson*,21853,666181,2023,CIN,120.0,329.0,0.364741641337386,25.0,103.0,,0.3130699088145897,1.0,3.15,-1.6829004243204484,0.0,1.2958035306327622,0.0,-0.8879012823654411
Yuli Gurriel,19198,493329,2023,MIA,100.0,329.0,0.303951367781155,39.0,44.0,,0.1337386018237082,1.0,4.463473311667755,-1.1379872176372741e-15,0.0,-1.6186238102684665,0.0,2.755691093026791
Zach Neto,31347,687263,2023,LAA,101.0,329.0,0.3069908814589666,22.0,77.0,,0.23404255319148937,1.0,4.463473311667755,-1.1379872176372741e-15,0.0,0.011479617693237704,0.0,-1.6686710770923479
Jean Segura,5933,516416,2023,MIA,90.0,326.0,0.27607361963190186,33.0,47.0,,0.1441717791411043,1.0,4.83,0.4696158755870703,0.0,-1.449067597599834,0.0,1.194151503572977
Nick Fortes,21538,663743,2023,MIA,84.0,323.0,0.26006191950464397,26.0,59.0,,0.1826625386996904,1.0,5.1225000000000005,0.8443843385173977,0.0,-0.8235297374686823,0.0,-0.6276446841231388
Corey Julks,20311,667452,2023,HOU,96.0,323.0,0.29721362229102166,27.0,75.0,,0.23219814241486067,1.0,4.463473311667755,-1.1379872176372741e-15,0.0,-0.01849507710744686,0.0,-0.3673880858808365
Mickey Moniak*,19956,666160,2023,LAA,99.0,323.0,0.3065015479876161,25.0,113.0,,0.3498452012383901,1.0,4.463473311667755,-1.1379872176372741e-15,0.0,1.8934622412504876,0.0,-0.8879012823654411
Brandon Crawford*,5343,543063,2023,SFG,87.0,320.0,0.271875,36.0,81.0,,0.253125,1.0,4.3999999999999995,-0.08132579641306915,0.0,0.3216006202287548,0.0,1.9749212982998838
Alex Kirilloff*,20325,666135,2023,MIN,111.0,319.0,0.34796238244514105,25.0,80.0,,0.2507836990595611,1.0,4.463473311667755,-1.1379872176372741e-15,0.0,0.2835506467545761,0.0,-0.8879012823654411
Joey Wendle*,13853,621563,2023,MIA,78.0,318.0,0.24528301886792453,33.0,67.0,,0.21069182389937108,1.0,4.463473311667755,-1.1379872176372741e-15,0.0,-0.368007963258777,0.0,1.194151503572977
Andruw Monasterio,19455,655316,2023,MIL,104.0,315.0,0.33015873015873015,26.0,66.0,,0.20952380952380953,1.0,4.463473311667755,-1.1379872176372741e-15,0.0,-0.3869901091418455,0.0,-0.6276446841231388
Owen Miller,24655,680911,2023,MIL,95.0,314.0,0.30254777070063693,26.0,61.0,,0.1942675159235669,1.0,4.463473311667755,-1.1379872176372741e-15,0.0,-0.634929857841856,0.0,-0.6276446841231388
Kyle Isbel*,21614,664728,2023,KCR,88.0,313.0,0.28115015974440893,26.0,59.0,,0.18849840255591055,1.0,3.985,-0.6130485728783187,0.0,-0.7286873952935365,0.0,-0.6276446841231388
Jake McCarthy*,21622,664983,2023,ARI,98.0,312.0,0.3141025641025641,25.0,62.0,,0.1987179487179487,1.0,3.03,-1.8366515885995571,0.0,-0.562603038657689,0.0,-0.8879012823654411
Aaron Hicks#,5297,543305,2023,2TM,110.0,312.0,0.3525641025641026,33.0,69.0,,0.22115384615384615,1.0,4.463473311667755,-1.1379872176372741e-15,0.0,-0.19798297313750596,0.0,1.194151503572977
Aaron Hicks#,5297,543305,2023,BAL,90.0,236.0,0.3813559322033898,33.0,49.0,,0.2076271186440678,1.0,4.463473311667755,-1.1379872176372741e-15,0.0,-0.4178144412114176,0.0,1.194151503572977
Eduardo Escobar#,6153,500871,2023,2TM,83.0,309.0,0.2686084142394822,34.0,78.0,,0.2524271844660194,1.0,3.5349999999999997,-1.1896154389249758,0.0,0.31025997533376176,0.0,1.4544081018152795
Eduardo Escobar#,6153,500871,2023,NYM,34.0,120.0,0.2833333333333333,34.0,24.0,,0.2,1.0,3.5349999999999997,-1.1896154389249758,0.0,-0.5417676063422496,0.0,1.4544081018152795
Eduardo Escobar#,6153,500871,2023,LAA,49.0,189.0,0.25925925925925924,34.0,54.0,,0.2857142857142857,1.0,3.5349999999999997,-1.1896154389249758,0.0,0.8512298684613879,0.0,1.4544081018152795
Elehuris Montero,20543,660707,2023,COL,89.0,307.0,0.2899022801302932,24.0,111.0,,0.36156351791530944,1.0,4.89,0.546491457726624,0.0,2.083904072549298,0.0,-1.1481578806077433
Matt Thaiss*,19318,642136,2023,LAA,98.0,307.0,0.31921824104234525,28.0,83.0,,0.2703583061889251,1.0,4.463473311667755,-1.1379872176372741e-15,0.0,0.6016700602718115,0.0,-0.10713148763853422
Miguel Vargas,20178,678246,2023,LAD,92.0,304.0,0.3026315789473684,23.0,61.0,,0.20065789473684212,1.0,7.235,3.5510454596808696,0.0,-0.5310757397593269,0.0,-1.4084144788500457
JJ Bleday*,26368,668709,2023,OAK,94.0,303.0,0.3102310231023102,25.0,72.0,,0.2376237623762376,1.0,4.463473311667755,-1.1379872176372741e-15,0.0,0.06968013012271324,0.0,-0.8879012823654411
Patrick Wisdom,13602,621550,2023,CHC,87.0,302.0,0.28807947019867547,31.0,111.0,,0.3675496688741722,1.0,3.7419999999999995,-0.9243946805435138,0.0,2.1811888261933383,0.0,0.6736383070883726
Danny Jansen,16535,643376,2023,TOR,94.0,301.0,0.3122923588039867,28.0,62.0,,0.2059800664451827,1.0,4.463473311667755,-1.1379872176372741e-15,0.0,-0.4445817360071124,0.0,-0.10713148763853422
Zack Gelof,29766,680869,2023,OAK,101.0,300.0,0.33666666666666667,23.0,82.0,,0.2733333333333333,1.0,4.463473311667755,-1.1379872176372741e-15,0.0,0.6500191221008624,0.0,-1.4084144788500457
Edmundo Sosa,17022,624641,2023,PHI,87.0,300.0,0.29,27.0,74.0,,0.24666666666666667,1.0,4.463473311667755,-1.1379872176372741e-15,0.0,0.21664212993973098,0.0,-0.3673880858808365
Nick Madrigal,20521,663611,2023,CHC,90.0,294.0,0.30612244897959184,26.0,24.0,,0.08163265306122448,1.0,4.463473311667755,-1.1379872176372741e-15,0.0,-2.4654307858329885,0.0,-0.6276446841231388
Jordan Diaz,22650,672478,2023,OAK,80.0,293.0,0.27303754266211605,22.0,69.0,,0.2354948805460751,1.0,4.463473311667755,-1.1379872176372741e-15,0.0,0.03508231496437627,0.0,-1.6686710770923479
Nick Maton*,21635,665155,2023,DET,84.0,293.0,0.28668941979522183,26.0,73.0,,0.24914675767918087,1.0,4.463473311667755,-1.1379872176372741e-15,0.0,0.2569476693130783,0.0,-0.6276446841231388
Eric Haase,14111,606992,2023,2TM,72.0,293.0,0.24573378839590443,30.0,81.0,,0.2764505119453925,1.0,4.463473311667755,-1.1379872176372741e-15,0.0,0.7006783780104832,0.0,0.41338170884607034
Eric Haase,14111,606992,2023,DET,69.0,282.0,0.24468085106382978,30.0,78.0,,0.2765957446808511,1.0,4.463473311667755,-1.1379872176372741e-15,0.0,0.7030386477375971,0.0,0.41338170884607034
Travis Jankowski*,13768,608671,2023,TEX,102.0,287.0,0.3554006968641115,32.0,42.0,,0.14634146341463414,1.0,4.463473311667755,-1.1379872176372741e-15,0.0,-1.4138066759347714,0.0,0.9338949053306749
Ildemaro Vargas#,13324,545121,2023,WSN,86.0,286.0,0.3006993006993007,31.0,20.0,,0.06993006993006994,1.0,7.886666666666668,4.3859996990299175,0.0,-2.655616921254064,0.0,0.6736383070883726
Emmanuel Rivera,19890,656896,2023,ARI,89.0,283.0,0.31448763250883394,27.0,56.0,,0.1978798586572438,1.0,4.463473311667755,-1.1379872176372741e-15,0.0,-0.5762233742702552,0.0,-0.3673880858808365
José Caballero,23401,676609,2023,SEA,96.0,280.0,0.34285714285714286,26.0,66.0,,0.2357142857142857,1.0,4.463473311667755,-1.1379872176372741e-15,0.0,0.03864800815926595,0.0,-0.6276446841231388
Casey Schmitt,27577,669477,2023,SFG,70.0,277.0,0.2527075812274368,24.0,65.0,,0.23465703971119134,1.0,4.463473311667755,-1.1379872176372741e-15,0.0,0.021466029679437826,0.0,-1.1481578806077433
Jacob Stallings,13723,607732,2023,MIA,76.0,276.0,0.2753623188405797,33.0,67.0,,0.2427536231884058,1.0,4.463473311667755,-1.1379872176372741e-15,0.0,0.15304876695956474,0.0,1.194151503572977
Jake Bauers*,15194,641343,2023,NYY,76.0,272.0,0.27941176470588236,27.0,95.0,,0.3492647058823529,1.0,4.463473311667755,-1.1379872176372741e-15,0.0,1.8840282413243792,0.0,-0.3673880858808365
Stone Garrett,19273,656448,2023,WSN,92.0,271.0,0.33948339483394835,27.0,82.0,,0.3025830258302583,1.0,4.463473311667755,-1.1379872176372741e-15,0.0,1.1253745129491892,0.0,-0.3673880858808365
Harold Castro*,14691,605612,2023,COL,74.0,270.0,0.2740740740740741,29.0,66.0,,0.24444444444444444,1.0,4.463473311667755,-1.1379872176372741e-15,0.0,0.18052738059296977,0.0,0.15312511060376804
Gary Sánchez,11442,596142,2023,2TM,77.0,267.0,0.2883895131086142,30.0,67.0,,0.250936329588015,1.0,4.463473311667755,-1.1379872176372741e-15,0.0,0.2860311427295751,0.0,0.41338170884607034
Gary Sánchez,11442,596142,2023,SDP,76.0,260.0,0.2923076923076923,30.0,64.0,,0.24615384615384617,1.0,4.463473311667755,-1.1379872176372741e-15,0.0,0.20830795701355548,0.0,0.41338170884607034
Joshua Palacios*,19818,641943,2023,PIT,73.0,264.0,0.2765151515151515,27.0,56.0,,0.21212121212121213,1.0,4.463473311667755,-1.1379872176372741e-15,0.0,-0.34477806445082615,0.0,-0.3673880858808365
Oscar Colás*,30162,693049,2023,CHW,67.0,263.0,0.25475285171102663,24.0,71.0,,0.26996197718631176,1.0,5.11375,0.8331733161220449,0.0,0.595229065107107,0.0,-1.1481578806077433
Trey Mancini,15149,641820,2023,CHC,78.0,263.0,0.2965779467680608,31.0,78.0,,0.2965779467680608,1.0,3.7419999999999995,-0.9243946805435138,0.0,1.0277821466367538,0.0,0.6736383070883726
Nicky Lopez*,19339,670032,2023,2TM,84.0,262.0,0.32061068702290074,28.0,40.0,,0.15267175572519084,1.0,3.6999999999999997,-0.9782075880412016,0.0,-1.3109290618954035,0.0,-0.10713148763853422
Nicky Lopez*,19339,670032,2023,KCR,60.0,190.0,0.3157894736842105,28.0,30.0,,0.15789473684210525,1.0,3.6999999999999997,-0.9782075880412016,0.0,-1.2260470676493003,0.0,-0.10713148763853422
Kyle Higashioka,5517,543309,2023,NYY,71.0,260.0,0.27307692307692305,33.0,74.0,,0.2846153846153846,1.0,4.463473311667755,-1.1379872176372741e-15,0.0,0.833370926476726,0.0,1.194151503572977
Vinnie Pasquantino*,27676,686469,2023,KCR,84.0,260.0,0.3230769230769231,25.0,31.0,,0.11923076923076924,1.0,3.985,-0.6130485728783187,0.0,-1.8543998422149086,0.0,-0.8879012823654411
Rodolfo Castro,21987,666801,2023,2TM,76.0,256.0,0.296875,24.0,74.0,,0.2890625,1.0,4.463473311667755,-1.1379872176372741e-15,0.0,0.9056438323209053,0.0,-1.1481578806077433
Rodolfo Castro,21987,666801,2023,PIT,71.0,224.0,0.3169642857142857,24.0,62.0,,0.2767857142857143,1.0,4.463473311667755,-1.1379872176372741e-15,0.0,0.7061259648360095,0.0,-1.1481578806077433
Dylan Carlson#,20126,666185,2023,STL,81.0,255.0,0.3176470588235294,24.0,49.0,,0.19215686274509805,1.0,4.463473311667755,-1.1379872176372741e-15,0.0,-0.6692314275661119,0.0,-1.1481578806077433
Henry Davis,29617,680779,2023,PIT,77.0,255.0,0.30196078431372547,23.0,69.0,,0.27058823529411763,1.0,4.463473311667755,-1.1379872176372741e-15,0.0,0.6054067846725106,0.0,-1.4084144788500457
Stuart Fairchild,20321,656413,2023,CIN,81.0,255.0,0.3176470588235294,27.0,69.0,,0.27058823529411763,1.0,3.7,-0.978207588041201,0.0,0.6054067846725106,0.0,-0.3673880858808365
Santiago Espinal,19997,669289,2023,TOR,78.0,254.0,0.30708661417322836,28.0,36.0,,0.14173228346456693,1.0,3.8625,-0.770002886413242,0.0,-1.4887133963006285,0.0,-0.10713148763853422
Matt Wallner*,26466,670242,2023,MIN,94.0,254.0,0.3700787401574803,25.0,80.0,,0.31496062992125984,1.0,4.463473311667755,-1.1379872176372741e-15,0.0,1.3265308441161727,0.0,-0.8879012823654411
Luis Matos,26467,682641,2023,SFG,80.0,253.0,0.31620553359683795,21.0,33.0,,0.13043478260869565,1.0,4.463473311667755,-1.1379872176372741e-15,0.0,-1.6723162815452024,0.0,-1.92892767533465
Kevin Newman,17696,621028,2023,CIN,78.0,253.0,0.308300395256917,29.0,34.0,,0.13438735177865613,1.0,4.463473311667755,-1.1379872176372741e-15,0.0,-1.6080805613632163,0.0,0.15312511060376804
Zack Short,19562,670097,2023,DET,73.0,253.0,0.2885375494071146,28.0,66.0,,0.2608695652173913,1.0,4.463473311667755,-1.1379872176372741e-15,0.0,0.4474624844603336,0.0,-0.10713148763853422
Garrett Hampson,19262,641658,2023,MIA,87.0,252.0,0.34523809523809523,28.0,67.0,,0.26587301587301587,1.0,4.463473311667755,-1.1379872176372741e-15,0.0,0.5287767492938794,0.0,-0.10713148763853422
Mike Ford*,15585,645801,2023,SEA,81.0,251.0,0.32270916334661354,30.0,81.0,,0.32270916334661354,1.0,4.463473311667755,-1.1379872176372741e-15,0.0,1.4524571982239143,0.0,0.41338170884607034
Kolten Wong*,12532,543939,2023,2TM,64.0,250.0,0.256,32.0,53.0,,0.212,1.0,3.6059999999999994,-1.0986460000598368,0.0,-0.34674795986974055,0.0,0.9338949053306749
Kolten Wong*,12532,543939,2023,SEA,52.0,216.0,0.24074074074074073,32.0,46.0,,0.21296296296296297,1.0,3.6059999999999994,-1.0986460000598368,0.0,-0.33109823515281067,0.0,0.9338949053306749
Rob Refsnyder,13770,608701,2023,BOS,88.0,243.0,0.36213991769547327,32.0,47.0,,0.1934156378600823,1.0,4.463473311667755,-1.1379872176372741e-15,0.0,-0.6487742710733934,0.0,0.9338949053306749
Tyrone Taylor,13675,621438,2023,MIL,65.0,243.0,0.2674897119341564,29.0,55.0,,0.22633744855967078,1.0,4.463473311667755,-1.1379872176372741e-15,0.0,-0.11374094741767522,0.0,0.15312511060376804
Joey Votto*,4314,458015,2023,CIN,76.0,242.0,0.3140495867768595,39.0,62.0,,0.256198347107438,1.0,4.463473311667755,-1.1379872176372741e-15,0.0,0.37154754242707727,0.0,2.755691093026791
Andrew Knizner,19514,668800,2023,STL,69.0,241.0,0.2863070539419087,28.0,62.0,,0.2572614107883817,1.0,4.463473311667755,-1.1379872176372741e-15,0.0,0.38882406769669464,0.0,-0.10713148763853422
Royce Lewis,20437,668904,2023,MIN,89.0,239.0,0.3723849372384937,24.0,55.0,,0.2301255230125523,1.0,4.463473311667755,-1.1379872176372741e-15,0.0,-0.05217853569996716,0.0,-1.1481578806077433
Matt Carpenter*,8090,572761,2023,SDP,76.0,237.0,0.3206751054852321,37.0,67.0,,0.28270042194092826,1.0,4.463473311667755,-1.1379872176372741e-15,0.0,0.8022496478283487,0.0,2.235177896542186
Evan Longoria,9368,446334,2023,ARI,70.0,237.0,0.29535864978902954,37.0,73.0,,0.3080168776371308,1.0,4.17,-0.37601552794802645,0.0,1.2136835011458793,0.0,2.235177896542186
Freddy Fermin,21840,666023,2023,KCR,75.0,235.0,0.3191489361702128,28.0,50.0,,0.2127659574468085,1.0,4.463473311667755,-1.1379872176372741e-15,0.0,-0.334299897328942,0.0,-0.10713148763853422
Mark Vientos,22184,668901,2023,NYM,59.0,233.0,0.2532188841201717,23.0,71.0,,0.30472103004291845,1.0,4.463473311667755,-1.1379872176372741e-15,0.0,1.1601205817583322,0.0,-1.4084144788500457
Josh Smith*,26396,669701,2023,TEX,70.0,232.0,0.3017241379310345,25.0,55.0,,0.23706896551724138,1.0,3.77,-0.8885194088783879,0.0,0.06066377284725459,0.0,-0.8879012823654411
Bo Naylor*,21865,666310,2023,CLE,78.0,230.0,0.3391304347826087,23.0,53.0,,0.23043478260869565,1.0,4.463473311667755,-1.1379872176372741e-15,0.0,-0.047152560940958016,0.0,-1.4084144788500457
Mitch Haniger,14274,571745,2023,SFG,61.0,229.0,0.2663755458515284,32.0,65.0,,0.2838427947598253,1.0,4.463473311667755,-1.1379872176372741e-15,0.0,0.8208150764351078,0.0,0.9338949053306749
Pavin Smith*,19892,656976,2023,ARI,72.0,228.0,0.3157894736842105,27.0,45.0,,0.19736842105263158,1.0,4.463473311667755,-1.1379872176372741e-15,0.0,-0.5845350726739403,0.0,-0.3673880858808365
Gio Urshela,10681,570482,2023,LAA,75.0,228.0,0.32894736842105265,31.0,36.0,,0.15789473684210525,1.0,4.075,-0.497735199668987,0.0,-1.2260470676493003,0.0,0.6736383070883726
Jordan Westburg,27815,676059,2023,BAL,71.0,228.0,0.31140350877192985,24.0,56.0,,0.24561403508771928,1.0,4.463473311667755,-1.1379872176372741e-15,0.0,0.19953514340705442,0.0,-1.1481578806077433
Alan Trejo,20056,676701,2023,COL,65.0,227.0,0.28634361233480177,27.0,51.0,,0.22466960352422907,1.0,4.463473311667755,-1.1379872176372741e-15,0.0,-0.14084615984957283,0.0,-0.3673880858808365
James McCann,12859,543510,2023,BAL,60.0,226.0,0.26548672566371684,33.0,57.0,,0.252212389380531,1.0,4.463473311667755,-1.1379872176372741e-15,0.0,0.30676920353076276,0.0,1.194151503572977
Sal Frelick*,29622,686217,2023,MIL,76.0,223.0,0.34080717488789236,23.0,37.0,,0.16591928251121077,1.0,4.463473311667755,-1.1379872176372741e-15,0.0,-1.0956350626916782,0.0,-1.4084144788500457
Tucupita Marcano*,22871,672779,2023,PIT,60.0,220.0,0.2727272727272727,23.0,35.0,,0.1590909090909091,1.0,4.463473311667755,-1.1379872176372741e-15,0.0,-1.2066073102258044,0.0,-1.4084144788500457
Liover Peguero,24273,678894,2023,PIT,59.0,213.0,0.27699530516431925,22.0,67.0,,0.3145539906103286,1.0,4.463473311667755,-1.1379872176372741e-15,0.0,1.3199222895612035,0.0,-1.6686710770923479
Trevor Larnach*,21501,663616,2023,MIN,66.0,212.0,0.3113207547169811,26.0,72.0,,0.33962264150943394,1.0,5.04,0.73868041307551,0.0,1.7273289092183928,0.0,-0.6276446841231388
Austin Hedges,12976,595978,2023,2TM,47.0,212.0,0.22169811320754718,30.0,47.0,,0.22169811320754718,1.0,4.463473311667755,-1.1379872176372741e-15,0.0,-0.18913774243755518,0.0,0.41338170884607034
Austin Hedges,12976,595978,2023,PIT,42.0,187.0,0.22459893048128343,30.0,39.0,,0.20855614973262032,1.0,4.463473311667755,-1.1379872176372741e-15,0.0,-0.40271616500712726,0.0,0.41338170884607034
Nick Ahmed,12147,605113,2023,ARI,54.0,210.0,0.2571428571428571,33.0,52.0,,0.24761904761904763,1.0,4.17,-0.37601552794802645,0.0,0.23211987965977143,0.0,1.194151503572977
Matt Duffy,13836,622110,2023,KCR,64.0,209.0,0.3062200956937799,32.0,39.0,,0.18660287081339713,1.0,4.01,-0.5810170803201713,0.0,-0.7594928894854021,0.0,0.9338949053306749
Jared Triolo,25807,669707,2023,PIT,81.0,209.0,0.3875598086124402,25.0,63.0,,0.3014354066985646,1.0,4.463473311667755,-1.1379872176372741e-15,0.0,1.1067238231701897,0.0,-0.8879012823654411
Austin Slater,16153,596103,2023,SFG,72.0,207.0,0.34782608695652173,30.0,58.0,,0.28019323671497587,1.0,4.463473311667755,-1.1379872176372741e-15,0.0,0.7615037831278209,0.0,0.41338170884607034
Christian Arroyo,16434,624414,2023,BOS,55.0,206.0,0.2669902912621359,28.0,45.0,,0.21844660194174756,1.0,4.463473311667755,-1.1379872176372741e-15,0.0,-0.2419801239006904,0.0,-0.10713148763853422
Reese McGuire*,15674,624512,2023,BOS,62.0,206.0,0.30097087378640774,28.0,53.0,,0.25728155339805825,1.0,4.463473311667755,-1.1379872176372741e-15,0.0,0.3891514180815406,0.0,-0.10713148763853422
Kevin Pillar,12434,607680,2023,ATL,51.0,206.0,0.24757281553398058,34.0,50.0,,0.24271844660194175,1.0,4.463473311667755,-1.1379872176372741e-15,0.0,0.15247708983820413,0.0,1.4544081018152795
Endy Rodríguez#,25332,682848,2023,PIT,58.0,204.0,0.28431372549019607,23.0,49.0,,0.24019607843137256,1.0,4.463473311667755,-1.1379872176372741e-15,0.0,0.1114844774300446,0.0,-1.4084144788500457
Jake Cave*,14477,595909,2023,PHI,55.0,203.0,0.270935960591133,30.0,55.0,,0.270935960591133,1.0,4.496666666666667,0.042529308145102716,0.0,0.6110578900469679,0.0,0.41338170884607034
Austin Barnes,12158,605131,2023,LAD,51.0,200.0,0.255,33.0,43.0,,0.215,1.0,6.2975,2.3498644887503346,0.0,-0.2979930482516132,0.0,1.194151503572977
Luke Maile,13355,571912,2023,CIN,61.0,199.0,0.3065326633165829,32.0,49.0,,0.24623115577889448,1.0,4.463473311667755,-1.1379872176372741e-15,0.0,0.2095643649923759,0.0,0.9338949053306749
Jesse Winker*,13590,608385,2023,MIL,63.0,197.0,0.3197969543147208,29.0,51.0,,0.25888324873096447,1.0,4.2930769230769235,-0.21832202612329923,0.0,0.41518158954654377,0.0,0.15312511060376804
Seby Zavala,18887,664874,2023,2TM,44.0,193.0,0.22797927461139897,29.0,70.0,,0.3626943005181347,1.0,4.463473311667755,-1.1379872176372741e-15,0.0,2.102281141169319,0.0,0.15312511060376804
Seby Zavala,18887,664874,2023,CHW,36.0,176.0,0.20454545454545456,29.0,68.0,,0.38636363636363635,1.0,4.463473311667755,-1.1379872176372741e-15,0.0,2.486946600238387,0.0,0.15312511060376804
Brendan Rodgers,17907,663898,2023,COL,60.0,192.0,0.3125,26.0,41.0,,0.21354166666666666,1.0,4.463473311667755,-1.1379872176372741e-15,0.0,-0.3216933525104252,0.0,-0.6276446841231388
Oswald Peraza,22823,672724,2023,NYY,51.0,191.0,0.2670157068062827,23.0,50.0,,0.2617801047120419,1.0,4.463473311667755,-1.1379872176372741e-15,0.0,0.46226024198916815,0.0,-1.4084144788500457
Carlos Pérez,10642,542208,2023,OAK,55.0,189.0,0.291005291005291,32.0,40.0,,0.21164021164021163,1.0,4.463473311667755,-1.1379872176372741e-15,0.0,-0.3525951097639782,0.0,0.9338949053306749
Josh Donaldson,5038,518626,2023,2TM,47.0,189.0,0.24867724867724866,37.0,50.0,,0.26455026455026454,1.0,4.463473311667755,-1.1379872176372741e-15,0.0,0.5072798746827119,0.0,2.235177896542186
Josh Donaldson,5038,518626,2023,NYY,27.0,120.0,0.225,37.0,32.0,,0.26666666666666666,1.0,4.463473311667755,-1.1379872176372741e-15,0.0,0.5416748740605797,0.0,2.235177896542186
Jason Delay,19806,641511,2023,PIT,59.0,187.0,0.3155080213903743,28.0,44.0,,0.23529411764705882,1.0,5.413846153846153,1.2176744248681162,0.0,0.031819589165130495,0.0,-0.10713148763853422
Pablo Reyes,16357,622569,2023,BOS,62.0,185.0,0.33513513513513515,29.0,21.0,,0.11351351351351352,1.0,4.463473311667755,-1.1379872176372741e-15,0.0,-1.9473146079459205,0.0,0.15312511060376804
DJ Stewart*,17766,621466,2023,NYM,61.0,185.0,0.32972972972972975,29.0,56.0,,0.3027027027027027,1.0,4.463473311667755,-1.1379872176372741e-15,0.0,1.1273194580621095,0.0,0.15312511060376804
Anthony Rendon,12861,543685,2023,LAA,66.0,183.0,0.36065573770491804,33.0,27.0,,0.14754098360655737,1.0,4.463473311667755,-1.1379872176372741e-15,0.0,-1.3943125089543125,0.0,1.194151503572977
Dominic Canzone*,26438,686527,2023,2TM,47.0,182.0,0.25824175824175827,25.0,32.0,,0.17582417582417584,1.0,4.463473311667755,-1.1379872176372741e-15,0.0,-0.9346643300048141,0.0,-0.8879012823654411
Dominic Canzone*,26438,686527,2023,SEA,35.0,141.0,0.24822695035460993,25.0,24.0,,0.1702127659574468,1.0,4.463473311667755,-1.1379872176372741e-15,0.0,-1.0258589273733014,0.0,-0.8879012823654411
Oscar González,20970,660757,2023,CLE,43.0,180.0,0.2388888888888889,25.0,46.0,,0.25555555555555554,1.0,3.6125,-1.0903178119947181,0.0,0.3611011273267745,0.0,-0.8879012823654411
Nelson Velázquez,23359,676369,2023,2TM,54.0,179.0,0.3016759776536313,24.0,51.0,,0.2849162011173184,1.0,4.463473311667755,-1.1379872176372741e-15,0.0,0.838259687131745,0.0,-1.1481578806077433
Nelson Velázquez,23359,676369,2023,KCR,44.0,147.0,0.29931972789115646,24.0,43.0,,0.2925170068027211,1.0,4.463473311667755,-1.1379872176372741e-15,0.0,0.9617852236045339,0.0,-1.1481578806077433
Trayce Thompson,9952,572204,2023,2TM,51.0,179.0,0.2849162011173184,32.0,77.0,,0.4301675977653631,1.0,7.235,3.5510454596808696,0.0,3.198832689126737,0.0,0.9338949053306749
Luis Urías,16622,649966,2023,2TM,59.0,177.0,0.3333333333333333,26.0,41.0,,0.23163841807909605,1.0,4.463473311667755,-1.1379872176372741e-15,0.0,-0.02759151394768658,0.0,-0.6276446841231388
Luis Urías,16622,649966,2023,BOS,39.0,109.0,0.3577981651376147,26.0,26.0,,0.23853211009174313,1.0,4.463473311667755,-1.1379872176372741e-15,0.0,0.08444226765204639,0.0,-0.6276446841231388
Jake Alu*,25569,666906,2023,WSN,49.0,175.0,0.28,26.0,42.0,,0.24,1.0,4.463473311667755,-1.1379872176372741e-15,0.0,0.10829788189944778,0.0,-0.6276446841231388
Kole Calhoun*,11200,594777,2023,CLE,49.0,174.0,0.28160919540229884,35.0,37.0,,0.21264367816091953,1.0,4.463473311667755,-1.1379872176372741e-15,0.0,-0.33628713592102366,0.0,1.7146647000575816
Luis Campusano,22217,669134,2023,SDP,62.0,174.0,0.3563218390804598,24.0,21.0,,0.1206896551724138,1.0,4.463473311667755,-1.1379872176372741e-15,0.0,-1.8306905571663055,0.0,-1.1481578806077433
Lenyn Sosa,22896,672820,2023,CHW,38.0,173.0,0.21965317919075145,23.0,40.0,,0.23121387283236994,1.0,4.463473311667755,-1.1379872176372741e-15,0.0,-0.0344910692750291,0.0,-1.4084144788500457
Chad Wallach,17161,595453,2023,LAA,44.0,172.0,0.2558139534883721,31.0,57.0,,0.3313953488372093,1.0,4.463473311667755,-1.1379872176372741e-15,0.0,1.5936219335214663,0.0,0.6736383070883726
Raimel Tapia*,14350,606132,2023,3TM,53.0,169.0,0.3136094674556213,29.0,40.0,,0.23668639053254437,1.0,4.463473311667755,-1.1379872176372741e-15,0.0,0.054446302991851464,0.0,0.15312511060376804
Raimel Tapia*,14350,606132,2023,2TM,37.0,108.0,0.3425925925925926,29.0,20.0,,0.18518518518518517,1.0,4.463473311667755,-1.1379872176372741e-15,0.0,-0.7825326019873232,0.0,0.15312511060376804
Tyler Freeman,22532,671289,2023,CLE,49.0,168.0,0.2916666666666667,24.0,30.0,,0.17857142857142858,1.0,4.463473311667755,-1.1379872176372741e-15,0.0,-0.8900169750431592,0.0,-1.1481578806077433
Blake Perkins#,19921,663368,2023,MIL,54.0,168.0,0.32142857142857145,26.0,46.0,,0.27380952380952384,1.0,4.463473311667755,-1.1379872176372741e-15,0.0,0.6577579969608833,0.0,-0.6276446841231388
Trevor Story,12564,596115,2023,BOS,42.0,168.0,0.25,30.0,55.0,,0.3273809523809524,1.0,4.463473311667755,-1.1379872176372741e-15,0.0,1.5283814187131566,0.0,0.41338170884607034
Jose Trevino,16725,624431,2023,NYY,43.0,168.0,0.25595238095238093,30.0,22.0,,0.13095238095238096,1.0,4.8,0.43117808451729284,0.0,-1.6639044610451803,0.0,0.41338170884607034
Dylan Moore,18042,664238,2023,SEA,50.0,165.0,0.30303030303030304,30.0,56.0,,0.3393939393939394,1.0,4.463473311667755,-1.1379872176372741e-15,0.0,1.7236121254091215,0.0,0.41338170884607034
Johan Rojas,24336,679032,2023,PHI,54.0,164.0,0.32926829268292684,22.0,42.0,,0.25609756097560976,1.0,4.463473311667755,-1.1379872176372741e-15,0.0,0.3699096027772044,0.0,-1.6686710770923479
Zach Remillard,19788,621545,2023,CHW,46.0,160.0,0.2875,29.0,48.0,,0.3,1.0,4.463473311667755,-1.1379872176372741e-15,0.0,1.0833961142619943,0.0,0.15312511060376804
Tom Murphy,13499,608596,2023,SEA,53.0,159.0,0.3333333333333333,32.0,44.0,,0.27672955974842767,1.0,4.463473311667755,-1.1379872176372741e-15,0.0,0.7052133616685539,0.0,0.9338949053306749
Riley Adams,19864,656180,2023,WSN,52.0,158.0,0.3291139240506329,27.0,45.0,,0.2848101265822785,1.0,4.463473311667755,-1.1379872176372741e-15,0.0,0.8365358022714767,0.0,-0.3673880858808365
Rougned Odor*,12282,596059,2023,SDP,47.0,157.0,0.29936305732484075,29.0,37.0,,0.2356687898089172,1.0,4.463473311667755,-1.1379872176372741e-15,0.0,0.03790862521085651,0.0,0.15312511060376804
Miguel Amaya,21693,665804,2023,CHC,51.0,156.0,0.3269230769230769,24.0,40.0,,0.2564102564102564,1.0,4.463473311667755,-1.1379872176372741e-15,0.0,0.37499141553706716,0.0,-1.1481578806077433
Austin Nola,15941,543592,2023,SDP,39.0,154.0,0.2532467532467532,33.0,31.0,,0.2012987012987013,1.0,4.694999999999999,0.2966458157730724,0.0,-0.5206615839967399,0.0,1.194151503572977
Nelson Cruz,2434,443558,2023,SDP,43.0,152.0,0.28289473684210525,42.0,46.0,,0.3026315789473684,1.0,4.917999999999999,0.5823667293917488,0.0,1.1261635805936852,0.0,3.5364608877536976
Corey Dickerson*,10762,572816,2023,WSN,43.0,152.0,0.28289473684210525,34.0,28.0,,0.18421052631578946,1.0,4.463473311667755,-1.1379872176372741e-15,0.0,-0.7983724043323938,0.0,1.4544081018152795
José Miranda,20538,669304,2023,MIN,40.0,152.0,0.2631578947368421,25.0,24.0,,0.15789473684210525,1.0,5.1850000000000005,0.9244630699127667,0.0,-1.2260470676493003,0.0,-0.8879012823654411
Michael Toglia#,25845,669911,2023,COL,34.0,152.0,0.2236842105263158,24.0,50.0,,0.32894736842105265,1.0,4.463473311667755,-1.1379872176372741e-15,0.0,1.553838243910592,0.0,-1.1481578806077433
Jonathan Schoop,11265,570731,2023,DET,42.0,151.0,0.2781456953642384,31.0,37.0,,0.24503311258278146,1.0,4.463473311667755,-1.1379872176372741e-15,0.0,0.19009420161197946,0.0,0.6736383070883726
Carson Kelly,13620,608348,2023,2TM,42.0,151.0,0.2781456953642384,28.0,40.0,,0.26490066225165565,1.0,4.463473311667755,-1.1379872176372741e-15,0.0,0.5129744110035515,0.0,-0.10713148763853422
José Barrero,23378,676480,2023,CIN,44.0,149.0,0.2953020134228188,25.0,44.0,,0.2953020134228188,1.0,3.425,-1.330554006180825,0.0,1.0070461408107887,0.0,-0.8879012823654411
Willie Calhoun*,17838,641432,2023,NYY,46.0,149.0,0.3087248322147651,28.0,20.0,,0.1342281879194631,1.0,4.463473311667755,-1.1379872176372741e-15,0.0,-1.6106672346591353,0.0,-0.10713148763853422
Cam Gallagher,12981,595956,2023,CLE,23.0,149.0,0.15436241610738255,30.0,46.0,,0.3087248322147651,1.0,4.463473311667755,-1.1379872176372741e-15,0.0,1.2251889220999488,0.0,0.41338170884607034
Miles Mastrobuoni*,20017,670156,2023,CHC,45.0,149.0,0.30201342281879195,27.0,32.0,,0.21476510067114093,1.0,3.7419999999999995,-0.9243946805435138,0.0,-0.30181054692417353,0.0,-0.3673880858808365
Kody Clemens*,20572,665019,2023,PHI,41.0,148.0,0.27702702702702703,27.0,40.0,,0.2702702702702703,1.0,4.496666666666667,0.042529308145102716,0.0,0.6002393324607329,0.0,-0.3673880858808365
Billy McKinney*,15654,641856,2023,NYY,47.0,147.0,0.3197278911564626,28.0,39.0,,0.2653061224489796,1.0,4.463473311667755,-1.1379872176372741e-15,0.0,0.5195638030319508,0.0,-0.10713148763853422
Omar Narváez*,13338,553882,2023,NYM,41.0,146.0,0.2808219178082192,31.0,27.0,,0.18493150684931506,1.0,4.463473311667755,-1.1379872176372741e-15,0.0,-0.7866552902689169,0.0,0.6736383070883726
Kevin Smith,20242,675656,2023,OAK,31.0,146.0,0.21232876712328766,26.0,51.0,,0.3493150684931507,1.0,4.463473311667755,-1.1379872176372741e-15,0.0,1.8848467162038138,0.0,-0.6276446841231388
Parker Meadows*,23800,678009,2023,DET,48.0,145.0,0.3310344827586207,23.0,37.0,,0.25517241379310346,1.0,4.463473311667755,-1.1379872176372741e-15,0.0,0.35487444640491966,0.0,-1.4084144788500457
Austin Wynns,15271,642851,2023,3TM,38.0,145.0,0.2620689655172414,32.0,39.0,,0.2689655172413793,1.0,4.463473311667755,-1.1379872176372741e-15,0.0,0.5790349595917115,0.0,0.9338949053306749
Austin Wynns,15271,642851,2023,COL,35.0,131.0,0.26717557251908397,32.0,32.0,,0.24427480916030533,1.0,4.463473311667755,-1.1379872176372741e-15,0.0,0.17777052949779715,0.0,0.9338949053306749
AJ Pollock,9256,572041,2023,2TM,31.0,144.0,0.2152777777777778,35.0,32.0,,0.2222222222222222,1.0,4.463473311667755,-1.1379872176372741e-15,0.0,-0.18062011287464014,0.0,1.7146647000575816
AJ Pollock,9256,572041,2023,SEA,31.0,138.0,0.2246376811594203,35.0,30.0,,0.21739130434782608,1.0,4.463473311667755,-1.1379872176372741e-15,0.0,-0.25913043754151177,0.0,1.7146647000575816
Wil Myers,10047,571976,2023,CIN,36.0,141.0,0.2553191489361702,32.0,48.0,,0.3404255319148936,1.0,3.7275,-0.9429729462272388,0.0,1.7403771928041356,0.0,0.9338949053306749
Davis Schneider,23565,676914,2023,TOR,57.0,141.0,0.40425531914893614,24.0,43.0,,0.3049645390070922,1.0,4.463473311667755,-1.1379872176372741e-15,0.0,1.164078001100503,0.0,-1.1481578806077433
David Villar,24782,681584,2023,SFG,33.0,140.0,0.2357142857142857,26.0,45.0,,0.32142857142857145,1.0,4.221666666666667,-0.30981710999452133,0.0,1.4316454829629044,0.0,-0.6276446841231388
Mike Zunino,13265,572287,2023,CLE,38.0,140.0,0.2714285714285714,32.0,61.0,,0.4357142857142857,1.0,3.462,-1.283147397194766,0.0,3.2889754493677548,0.0,0.9338949053306749
Matthew Batten,20157,676946,2023,SDP,49.0,139.0,0.35251798561151076,28.0,30.0,,0.2158273381294964,1.0,4.463473311667755,-1.1379872176372741e-15,0.0,-0.284547449124312,0.0,-0.10713148763853422
Ryan McKenna,19928,663630,2023,BAL,43.0,139.0,0.30935251798561153,26.0,40.0,,0.28776978417266186,1.0,4.463473311667755,-1.1379872176372741e-15,0.0,0.8846350836844968,0.0,-0.6276446841231388
Dairon Blanco,19779,680118,2023,KCR,44.0,138.0,0.3188405797101449,30.0,33.0,,0.2391304347826087,1.0,4.463473311667755,-1.1379872176372741e-15,0.0,0.09416602345941114,0.0,0.41338170884607034
Tyler Soderstrom*,27467,691016,2023,OAK,32.0,138.0,0.2318840579710145,21.0,43.0,,0.3115942028985507,1.0,4.463473311667755,-1.1379872176372741e-15,0.0,1.2718208934624866,0.0,-1.92892767533465
Masyn Winn,27479,691026,2023,STL,31.0,137.0,0.22627737226277372,21.0,26.0,,0.1897810218978102,1.0,4.463473311667755,-1.1379872176372741e-15,0.0,-0.7078427310755304,0.0,-1.92892767533465
Rafael Ortega*,10323,542364,2023,NYM,46.0,136.0,0.3382352941176471,32.0,33.0,,0.2426470588235294,1.0,4.463473311667755,-1.1379872176372741e-15,0.0,0.15131692156250143,0.0,0.9338949053306749
Nolan Schanuel*,33189,694384,2023,LAA,53.0,132.0,0.4015151515151515,21.0,19.0,,0.14393939393939395,1.0,4.463473311667755,-1.1379872176372741e-15,0.0,-1.4528442375900836,0.0,-1.92892767533465
Brett Wisely*,27735,689172,2023,SFG,30.0,131.0,0.22900763358778625,24.0,40.0,,0.3053435114503817,1.0,4.463473311667755,-1.1379872176372741e-15,0.0,1.1702369237599313,0.0,-1.1481578806077433
Lawrence Butler*,22542,671732,2023,OAK,31.0,129.0,0.24031007751937986,22.0,35.0,,0.2713178294573643,1.0,4.463473311667755,-1.1379872176372741e-15,0.0,0.617263884321242,0.0,-1.6686710770923479
Nick Gonzales,27490,693304,2023,PIT,34.0,128.0,0.265625,24.0,36.0,,0.28125,1.0,4.463473311667755,-1.1379872176372741e-15,0.0,0.7786779166486987,0.0,-1.1481578806077433
Víctor Robles,18363,645302,2023,WSN,47.0,126.0,0.373015873015873,26.0,18.0,,0.14285714285714285,1.0,6.107272727272727,2.1061339499215204,0.0,-1.4704325895446753,0.0,-0.6276446841231388
Garrett Stubbs*,18067,596117,2023,PHI,34.0,125.0,0.272,30.0,29.0,,0.232,1.0,4.463473311667755,-1.1379872176372741e-15,0.0,-0.021715215748891428,0.0,0.41338170884607034
Tucker Barnhart*,10200,571466,2023,CHC,35.0,123.0,0.2845528455284553,32.0,42.0,,0.34146341463414637,1.0,3.7419999999999995,-0.9243946805435138,0.0,1.7572444862198524,0.0,0.9338949053306749
Jacob Young,29931,696285,2023,WSN,38.0,121.0,0.3140495867768595,23.0,22.0,,0.18181818181818182,1.0,4.463473311667755,-1.1379872176372741e-15,0.0,-0.837251919179385,0.0,-1.4084144788500457
Luis Guillorme*,16451,641645,2023,NYM,34.0,120.0,0.2833333333333333,28.0,28.0,,0.23333333333333334,1.0,4.463473311667755,-1.1379872176372741e-15,0.0,-4.636614083496646e-05,0.0,-0.10713148763853422
José Herrera#,17040,645444,2023,ARI,34.0,120.0,0.2833333333333333,26.0,30.0,,0.25,1.0,4.463473311667755,-1.1379872176372741e-15,0.0,0.27081425395987235,0.0,-0.6276446841231388
Avisaíl García,5760,541645,2023,MIA,28.0,118.0,0.23728813559322035,32.0,39.0,,0.3305084745762712,1.0,4.53,0.08523796488929936,0.0,1.5792087747853234,0.0,0.9338949053306749
Jared Walsh*,18607,665120,2023,LAA,25.0,116.0,0.21551724137931033,29.0,45.0,,0.3879310344827586,1.0,4.463473311667755,-1.1379872176372741e-15,0.0,2.5124193858277954,0.0,0.15312511060376804
Jesús Aguilar,11342,542583,2023,OAK,32.0,115.0,0.2782608695652174,33.0,31.0,,0.26956521739130435,1.0,3.4699999999999998,-1.2728973195761595,0.0,0.5887810688607027,0.0,1.194151503572977
Josh Harrison,8202,543281,2023,PHI,30.0,114.0,0.2631578947368421,35.0,20.0,,0.17543859649122806,1.0,4.463473311667755,-1.1379872176372741e-15,0.0,-0.9409306254380293,0.0,1.7146647000575816
David Fry,24934,681807,2023,CLE,36.0,113.0,0.3185840707964602,27.0,30.0,,0.26548672566371684,1.0,4.463473311667755,-1.1379872176372741e-15,0.0,0.5224989009561053,0.0,-0.3673880858808365
Yu Chang,14773,644374,2023,BOS,22.0,112.0,0.19642857142857142,27.0,34.0,,0.30357142857142855,1.0,4.463473311667755,-1.1379872176372741e-15,0.0,1.1414376757121456,0.0,-0.3673880858808365
Alika Williams,27604,675961,2023,PIT,30.0,112.0,0.26785714285714285,24.0,35.0,,0.3125,1.0,4.463473311667755,-1.1379872176372741e-15,0.0,1.286541579337525,0.0,-1.1481578806077433
Tyler Nevin,17893,663527,2023,DET,34.0,111.0,0.3063063063063063,26.0,25.0,,0.22522522522522523,1.0,4.463473311667755,-1.1379872176372741e-15,0.0,-0.1318163975411791,0.0,-0.6276446841231388
Sam Haggerty#,18054,664059,2023,SEA,39.0,108.0,0.3611111111111111,29.0,17.0,,0.1574074074074074,1.0,4.463473311667755,-1.1379872176372741e-15,0.0,-1.2339669688218353,0.0,0.15312511060376804
Ronny Mauricio#,23698,677595,2023,NYM,32.0,108.0,0.2962962962962963,22.0,31.0,,0.28703703703703703,1.0,4.463473311667755,-1.1379872176372741e-15,0.0,0.8727267430725554,0.0,-1.6686710770923479
Jonah Bride,24703,681146,2023,OAK,30.0,106.0,0.2830188679245283,27.0,22.0,,0.20754716981132076,1.0,4.463473311667755,-1.1379872176372741e-15,0.0,-0.41911374063626894,0.0,-0.3673880858808365
René Pinto,19859,650907,2023,TBR,28.0,105.0,0.26666666666666666,26.0,34.0,,0.3238095238095238,1.0,4.463473311667755,-1.1379872176372741e-15,0.0,1.4703398572630053,0.0,-0.6276446841231388
Jon Singleton*,10441,572138,2023,2TM,28.0,105.0,0.26666666666666666,31.0,23.0,,0.21904761904761905,1.0,4.463473311667755,-1.1379872176372741e-15,0.0,-0.23221261194144138,0.0,0.6736383070883726
Jonathan Davis,15104,641505,2023,MIA,31.0,104.0,0.2980769230769231,31.0,29.0,,0.27884615384615385,1.0,4.463473311667755,-1.1379872176372741e-15,0.0,0.7396114810572506,0.0,0.6736383070883726
Jonathan Aranda*,21837,666018,2023,TBR,35.0,103.0,0.33980582524271846,25.0,31.0,,0.30097087378640774,1.0,4.463473311667755,-1.1379872176372741e-15,0.0,1.09917440281155,0.0,-0.8879012823654411
Everson Pereira,23695,677592,2023,NYY,24.0,103.0,0.23300970873786409,22.0,40.0,,0.3883495145631068,1.0,4.463473311667755,-1.1379872176372741e-15,0.0,2.5192203722715694,0.0,-1.6686710770923479
Dominic Fletcher*,26149,666150,2023,ARI,35.0,102.0,0.3431372549019608,25.0,22.0,,0.21568627450980393,1.0,4.463473311667755,-1.1379872176372741e-15,0.0,-0.28683996389452504,0.0,-0.8879012823654411
Richie Palacios*,24589,680700,2023,STL,31.0,102.0,0.30392156862745096,26.0,11.0,,0.10784313725490197,1.0,4.463473311667755,-1.1379872176372741e-15,0.0,-2.039467505722632,0.0,-0.6276446841231388
Eric Hosmer*,3516,543333,2023,CHC,28.0,100.0,0.28,33.0,25.0,,0.25,1.0,3.7419999999999995,-0.9243946805435138,0.0,0.27081425395987235,0.0,1.194151503572977
Cade Marlowe*,25505,687799,2023,SEA,33.0,100.0,0.33,26.0,33.0,,0.33,1.0,4.463473311667755,-1.1379872176372741e-15,0.0,1.570945230443268,0.0,-0.6276446841231388
